Empresa,Descri√ß√£o,N√≠vel
Ita√∫ Unibanco,"Vem construir a √°rea de Dados no Ita√∫_

Nossa miss√£o √© empoderar Itubers atrav√©s do uso intensivo de Dados e Analytics, para conhecer e encantar clientes em todo o mundo. O time de Dados √© respons√°vel por otimizar e garantir a m√°xima efici√™ncia nos processos e implementa√ß√µes das diretrizes estrat√©gicas da empresa.

Temos uma plataforma digital centrada nos Dados, com uma vis√£o anal√≠tica e integrada do cliente, produtos, opera√ß√µes √† uma gama de outras informa√ß√µes, desacoplada dos sistemas transacionais, com Analytics by e consumo tempestivo dos dados.



A √°rea de Dados do Ita√∫ conta um time bastante din√¢mico, devido ao contato direto com as √°reas de neg√≥cio e tecnologia. Para que isso aconte√ßa, voc√™ ir√° atuar em times √°geis e multidisciplinares, mas n√£o se preocupe, por aqui n√≥s vamos de turma!





Atuar com modelagem de dados estruturados e n√£o-estruturados seguindo as pr√°ticas, mandados de dados e Analytics by



√â respons√°vel pela ingest√£o e transforma√ß√£o (ETL/ELT) dos dados, al√©m do monitoramento da disponibilidade e qualidade;



Atua na especializa√ß√£o dos dados e solu√ß√µes de consumo, envolvendo a estrutura√ß√£o de datasets, m√©tricas e visualiza√ß√£o de dados;



Utiliza t√©cnicas de IA, estat√≠stica e Machine Learning para cria√ß√£o de modelos preditivos e prescritivos voltados para a tomada de decis√µes, data-driven;



√â respons√°vel pela implementa√ß√£o de Ci√™ncia de Dados, disponibiliza√ß√£o dos resultados em ambiente produtivo, observability do ambiente produtivo de modelos e motores de predi√ß√£o.



√â respons√°vel por consultas ad-hoc, an√°lises, m√©tricas e reportes para suporte a tomada de decis√£o, data driven em demandas espec√≠ficas de cada √°rea.





Para a √°rea de Dados, buscamos pessoas que queiram se desenvolver e aprender constantemente, compartilhando, colaborando, inovando e entregando valor para nossos clientes em todo o mundo.

üß° A Cultura Ituber

Para n√≥s, a transforma√ß√£o come√ßa quando olhamos para tr√°s: reconhecemos tudo o que constru√≠mos juntos at√© aqui e nos orgulhamos, afinal, s√£o quase 100 anos de hist√≥ria!

O nosso principal pilar √© a √©tica: pra gente, √©tica √© inegoci√°vel. Ou seja, nos comprometemos a fazer sempre o certo, sem jeitinhos, sem atalhos.

A partir desse pilar principal, temos os nossos outros direcionadores:",N√£o aplic√°vel
Loggi,"Vamos falar sobre a Loggi? üíô


Somos uma empresa de tecnologia que est√° reinventando a log√≠stica e a forma de fazer entregas no Brasil.

Queremos empoderar pessoas e transformar neg√≥cios com entregas de excel√™ncia. Movimentamos mais de 500 mil pacotes por dia com uma tecnologia de ponta a ponta, que aproxima todos os cantos do pa√≠s.

Temos o prop√≥sito de que as entregas sejam acess√≠veis para todas as pessoas do Brasil. Esse √© nosso desafio di√°rio, por isso, buscamos inova√ß√£o em tudo que fazemos.

Por aqui, valorizamos diferentes formas de pensar, pois sabemos que s√≥ assim podemos criar o futuro.",Pleno-s√™nior
Globo,"Job Description

A Globo √© feita de gente que quer fazer diferente, fazer junto, fazer o futuro.

Gente espalhada por todo o pa√≠s (e mundo!) trabalhando com conte√∫do, not√≠cias, neg√≥cios, tecnologia e brasilidade de sobra. Canais na TV aberta e por assinatura, produtos digitais como globoplay, Cartola, g1, ge, gshow e outros servi√ßos est√£o reunidos no mesmo lugar, na mesma Globo.

Novos modelos de neg√≥cios digitais est√£o sendo pensados e desenvolvidos, buscando nos aproximar cada vez mais do usu√°rio e dos seus desejos. As oportunidades de novos neg√≥cios tamb√©m trazem a chance e o desafio de construirmos novos times e que coloquem o consumidor no centro das nossas decis√µes.

Criamos ambientes onde todas as pessoas s√£o inclu√≠das, acolhidas e valorizadas. Nos empenhamos em ser uma Globo cada vez mais diversa, em representatividade e pensamento, aprendendo uns com os outros e estimulando a criatividade e inova√ß√£o.

Dentro da Diretoria de Neg√≥cios Integrados em Publicidade, nossa √°rea √© respons√°vel pela constru√ß√£o, automa√ß√£o e disponibiliza√ß√£o de dados e KPIs de Neg√≥cios Integrados de Publicidade para diversas √°reas da Globo. Analisamos e criamos KPIs de sucesso, utilizando t√©cnicas de analytics para desenvolver as melhores oportunidades para decis√µes estrat√©gicas.

Responsibilities and assignments


















Additional information



Vem e vamos criar hist√≥rias e tecnologias juntos.

Na Globo, o encontro de hist√≥rias com tecnologia move um time diverso e apaixonado por inova√ß√£o.

A gente tem a chance de aproximar os brasileiros, criando novas formas de se conectar com eles.

Aqui, cada um faz a transforma√ß√£o acontecer.

Nossos processos seletivos est√£o acontecendo de forma 100% remota e n√≥s encorajamos inscri√ß√µes de qualquer lugar do Brasil e do mundo. #vempraglobo



Quer saber mais sobre como √© trabalhar na Globo? Vem acompanhar nosso dia a dia, desafios e conquistas nas nossas redes:

https://www.linkedin.com/company/globo

https://www.instagram.com/vempraglobo

https://www.youtube.com/c/VemPraGlobo/

Os seus dados pessoais ser√£o utilizados para fins de sele√ß√£o de candidatos para preenchimento das vagas abertas na Globo.

Os dados pessoais coletados durante o processo seletivo dos candidatos que n√£o forem admitidos neste momento poder√£o ser mantidos nos bancos de dados para considera√ß√£o em futuros processos seletivos. Todos os dados coletados ser√£o tratados segundo r√≠gidos padr√µes de seguran√ßa da informa√ß√£o e em total respeito √†s leis de privacidade aplic√°veis, incluindo a Lei 13.709/18, e nos termos de nossa pol√≠tica de privacidade, dispon√≠vel no link: https://vempraglobo.g.globo/files/politica_de_privacidade.pdf

Ao prosseguir voc√™ est√° ciente e de acordo para realiza√ß√£o de sua candidatura nestes termos.

Process stages




‚ú®somos globo‚ú®

A Globo √© feita de gente que quer fazer diferente, fazer junto, fazer o futuro. Gente espalhada por todo o pa√≠s (e mundo!) trabalhando com conte√∫do, not√≠cias, neg√≥cios, tecnologia, tudo isso com brasilidade e talento de sobra.

Canais na TV aberta e por assinatura, produtos digitais como Globoplay, Cartola, G1, Ge, Gshow e outros servi√ßos est√£o reunidos no mesmo lugar.







Quer fazer parte dessa transforma√ß√£o tamb√©m?

#VemPraGlobo ;)",Pleno-s√™nior
Shopee,"About The Team

Sobre a Sh√¥

Aqui na Sh√¥, acreditamos que cada membro de nossa equipe √© fundamental para o nosso sucesso, e que diversidade de perspectivas e viv√™ncias s√£o essenciais para movimentar nosso neg√≥cio e impulsionar o nosso prop√≥sito de mudar o mundo para melhor. Fazer parte do nosso time √© a oportunidade de se desenvolver dentro de uma cultura de muita agilidade. Se voc√™ ama assumir grandes responsabilidades e fazer o que nunca foi feito, a Sh√¥ √© seu lugar. Aqui voc√™ ter√° grandes desafios, trabalhar√° em colabora√ß√£o com um time diverso e contribuir√° para o futuro do e-commerce no Brasil, criamos impacto positivo na vida de milh√µes de pessoas.



Adotamos um modelo de trabalho h√≠brido, esse modelo permite que as pessoas ajustem seu ambiente de trabalho de acordo com suas necessidades pessoais, ao mesmo tempo em que promove a colabora√ß√£o e intera√ß√£o no escrit√≥rio.



Estamos buscando uma (a) analista j√∫nior de dados para apoiar a tomada de decis√µes relacionadas √†s iniciativas de preven√ß√£o √† fraudes. Com a orienta√ß√£o do gestor, esse profissional ajudar√° a propor abordagens criativas, buscar dados e interpretar informa√ß√µes estat√≠sticas para responder quest√µes complexas e gerar insumos importantes para as discuss√µes do time.",Assistente
Shopee,"About The Team

Sobre a Sh√¥

Aqui na Sh√¥, acreditamos que cada membro de nossa equipe √© fundamental para o nosso sucesso, e que diversidade de perspectivas e viv√™ncias s√£o essenciais para movimentar nosso neg√≥cio e impulsionar o nosso prop√≥sito de mudar o mundo para melhor.

Fazer parte do nosso time √© a oportunidade de se desenvolver dentro de uma cultura de muita agilidade. Se voc√™ ama assumir grandes responsabilidades e fazer o que nunca foi feito, a Sh√¥ √© seu lugar. Aqui voc√™ ter√° grandes desafios, trabalhar√° em colabora√ß√£o com um time diverso e contribuir√° para o futuro do e-commerce no Brasil, criamos impacto positivo na vida de milh√µes de pessoas.



Adotamos um modelo de trabalho h√≠brido, esse modelo permite que as pessoas ajustem seu ambiente de trabalho de acordo com suas necessidades pessoais, ao mesmo tempo em que promove a colabora√ß√£o e intera√ß√£o no escrit√≥rio.



O Analista de Dados J√∫nior de PUDO tem como miss√£o primordial conduzir an√°lises meticulosas e monitorar de forma ativa os resultados das opera√ß√µes log√≠sticas. Este profissional √© desafiado a enfrentar os obst√°culos com iniciativa e a oferecer insights perspicazes, contribuindo significativamente para a otimiza√ß√£o cont√≠nua da efici√™ncia operacional. Promover o crescimento do neg√≥cio e assegurar a satisfa√ß√£o dos motoristas.



Como ser√° o seu dia a dia





O que voc√™ precisa para assumir o desafio



Benef√≠cios



VEM FAZER HIST√ìRIA COM A GENTE.

O QUE TE FAZ √öNICO, NOS FAZ MELHORES! üß°",Pleno-s√™nior
C6 Bank,"Nossa √°rea de Compliance

Nossa √°rea √© respons√°vel pela gest√£o de dados e arquitetura de tecnologia na √°rea de Compliance e PLD/FTP - Preven√ß√£o √† Lavagem de Dinheiro e ao Financiamento do Terrorismo do C6 Bank.

Suas atividades como CSixer




Requisitos e experi√™ncia




Nossos benef√≠cios




C6 BANK

O BANCO DA SUA VIDA

Atendemos pessoas f√≠sicas, MEIs e PMEs em todos os estados do Brasil. Sem ag√™ncias f√≠sicas para te prender, oferecemos mais de 90 produtos e servi√ßos financeiros feitos para todos os perfis de clientes.

Estamos localizados em S√£o Paulo-SP e contamos com mais de 3.000 CSixers que est√£o sempre a mil por hora. Em pouco mais de cinco anos, conquistamos muitos pr√™mios e reconhecimentos.

Confira o v√≠deo para conhecer mais sobre n√≥s:",Pleno-s√™nior
Whirlpool Corporation,"ID da Requisi√ß√£o: 66550

SOBRE A WHIRLPOOL CORPORATION

Whirlpool Corporation (NYSE: WHR) √© uma empresa l√≠der em eletrodom√©sticos para cozinha e lavanderia, em constante busca por melhorar a vida em casa e inspirar gera√ß√µes com nossas marcas. A empresa est√° impulsionando inova√ß√µes significativas para atender √†s crescentes necessidades dos consumidores, por meio do portf√≥lio de marcas ic√¥nicas, incluindo Whirlpool, KitchenAid, JennAir, Maytag, Amana, Brastemp, Consul e InSinkErator. Em 2023, a empresa registrou aproximadamente US$ 19 bilh√µes em vendas anuais, 59.000 colaboradores e 55 centros de pesquisa de tecnologia e fabrica√ß√£o. Informa√ß√µes adicionais sobre a empresa podem ser encontradas em WhirlpoolCorp.com.



A equipe de marketing digital desenvolve estrat√©gias de marketing, merchandising e criativas e programas afiliados para promover os produtos e servi√ßos da organiza√ß√£o atrav√©s da Internet ou outros canais digitais, para aumentar a exposi√ß√£o e os neg√≥cios do p√∫blico-alvo, e analisa a efic√°cia dessas estrat√©gias. Ela desenvolve e mant√©m o design gr√°fico e o layout do site para apoiar a imagem, identidade e marcas da organiza√ß√£o. Ela pode ser respons√°vel pelo marketing de m√≠dia social e gerenciamento de comunidade online.



















_""No dresscode"".

_Gympass;

_Vale-Transporte, Fretados ou Estacionamento na empresa;

_Vale Alimenta√ß√£o;

_Refei√ß√£o no local;

_Benef√≠cios como empr√©stimo consignado ou social, plano de sa√∫de, odontol√≥gico, seguro de vida e previd√™ncia privada compat√≠veis com o mercado;

_Programa de Apoio ao Empregado, contando com atendimento 24hrs com profissionais jur√≠dicos, sociais, financeiros, assistentes sociais e Psic√≥logos;

_Aux√≠lio Creche ou Ber√ß√°rio na empresa;

_Servi√ßos dispon√≠veis na unidade: sal√£o de beleza e est√©tica, ag√™ncia banc√°ria interna, lavanderia, lanchonete, restaurante e sala de lacta√ß√£o;

_Duas semanas de trabalho remoto em qualquer lugar;

_Ap√≥s 5 anos de empresa, colaboradores eleg√≠veis podem tirar quatro semanas de licen√ßa remunerada;

_Desconto em produtos pelo Compra Certa.

_Desconto em seguros (pet, auto, residencial, bike, viagem e mais)

_Licen√ßa maternidade/paternidade estendida

Saiba mais em https://www.whirlpoolcareers.com/trabalhe-conosco-no-brasil/



Veja como √© trabalhar na Whirlpool visitando o site Whirlpool Careers. Informa√ß√µes adicionais sobre a empresa podem ser encontradas no Facebook, Twitter, LinkedIn, Instagram e YouTube.

Na Whirlpool Corporation, valorizamos e celebramos a diversidade. A Whirlpool Corporation est√° comprometida com oportunidades iguais de emprego e pro√≠be qualquer discrimina√ß√£o com base em ra√ßa ou etnia, religi√£o, sexo, gravidez, express√£o ou identidade de g√™nero, orienta√ß√£o sexual, idade, defic√™ncia f√≠sica ou intelectual ou qualquer outra condi√ß√£o protegida por lei.",Pleno-s√™nior
Seara,"Responsabilidades e atribui√ß√µes

Profissional atuar√° na √°rea de Planejamento, COM FOCO EM BI - DESENVOLVIMENTO DE PLANILHAS E BASE DE DADOS.",Pleno-s√™nior
Siemens,"Empresa l√≠der, com mais de 155 anos de atua√ß√£o no Brasil, a Siemens combina os mundos real e digital em: tecnologia para automa√ß√£o, digitaliza√ß√£o industrial, softwares, sistemas de energia, edif√≠cios e ind√∫strias. Ao longo de sua hist√≥ria, a companhia contribuiu ativamente para a constru√ß√£o e para a moderniza√ß√£o da infraestrutura brasileira, com um portf√≥lio de solu√ß√µes inovadoras que capacita seus clientes a acelerarem sua pr√≥pria transforma√ß√£o digital e a alcan√ßarem maior sustentabilidade.

Quer fazer parte deste time? Veja nossa oportunidade de

Compartilhe ou se inscreva üëè

















Se voc√™ se identifica com o que procuramos, venha se candidatar!

Times diversos s√£o times melhores! Se todos pensarmos da mesma forma, a inova√ß√£o dificilmente acontece. Por isso, buscamos talentos de diferentes origens, g√™neros, idades, ra√ßas, orienta√ß√£o sexual e pessoas com defici√™ncia. Na Siemens, as oportunidades s√£o para todos.

Informamos que as nossas pessoas recrutadoras n√£o solicitam documentos ou dados pessoais sens√≠veis via e-mail, WhatsApp ou redes sociais. Todo o processo admissional acontece por meio da plataforma digital ""Docteka"", um ambiente seguro que protege tanto os dados dos candidatos quanto as informa√ß√µes pertinentes √† vaga e √† empresa.‚ÄØ Al√©m disso, ressaltamos que n√£o realizamos cobran√ßa de taxas de quem participa dos nossos processos seletivos e n√£o exigimos a realiza√ß√£o de cursos para preenchimento das vagas. Caso queira fazer parte da nossa empresa, fa√ßa a sua inscri√ß√£o pelos canais oficiais.",Est√°gio
Libbs Farmac√™utica,"Somos uma empresa farmac√™utica brasileira que h√° mais de 65 anos trata da vida. Com o prop√≥sito de ""transformar conhecimento em sa√∫de pra sua vida"", constru√≠mos nossa hist√≥ria com ousadia, inova√ß√£o e esp√≠rito vision√°rio.

Nossa raz√£o de existir √© promover sa√∫de de alta qualidade para que as pessoas possam aproveitar cada momento. Temos um amplo portf√≥lio de medicamentos de diversas especialidades, como ginecologia, oncologia e cardiologia, para atender os pacientes em sua integralidade e individualidade, com formula√ß√µes eficientes e inovadoras. S√£o mais de 100 marcas em mais de 200 apresenta√ß√µes.

Somos considerados um excelente lugar pra se trabalhar, segundo o GPTW. Estabelecemos rela√ß√µes de transpar√™ncia e confian√ßa com nossos mais de 3 mil colaboradores e estimulamos a mobilidade como ferramenta de desenvolvimento profissional. A sa√∫de e bem-estar norteiam nossas decis√µes.





üéØ











‚≠ê









üìç Teletrabalho

üïë Segunda √† Sexta ‚Äì Hor√°rio M√≥vel (Entrada entre 7h ‚Äì 9h e sa√≠da entre 16h ‚Äì 18h)

üîñ




üìå",N√£o aplic√°vel
Globo,"Job Description

Nossa √°rea de Estrat√©gia e Tecnologia √© um pilar fundamental dos nossos neg√≥cios, sendo respons√°vel pela nossa transforma√ß√£o digital. Aqui criamos solu√ß√µes tecnol√≥gicas sempre idealizando e desenvolvendo t√©cnicas e processos de automa√ß√£o, seja para aprimorar a experi√™ncia de trabalho das nossas equipes ou aumentar a capacidade de entrega dos nossos produtos e servi√ßos.

N√≥s somos respons√°veis por uma infraestrutura gigantesca que atende aos principais produtos de v√≠deo da Globo, como o Globoplay, Premiere e os Canais Globo. Al√©m disso, somos respons√°veis pela transmiss√£o ao vivo de grandes eventos - desde os campeonatos estaduais de futebol, a Copa do Mundo, Olimp√≠adas, Rock in Rio e at√© as c√¢meras ao vivo do Big Brother Brasil, que fica dispon√≠vel 24x7 para todos os assinantes do Globoplay.

Criamos ambientes onde todas as pessoas s√£o inclu√≠das, acolhidas e valorizadas. Nos empenhamos em ser uma Globo cada vez mais diversa, em representatividade e pensamento, aprendendo uns com os outros e estimulando a criatividade e inova√ß√£o.

Responsibilities and assignments


















Additional information



Vem e vamos criar hist√≥rias e tecnologias juntos.

Na Globo, o encontro de hist√≥rias com tecnologia move um time diverso e apaixonado por inova√ß√£o.

A gente tem a chance de aproximar os brasileiros, criando novas formas de se conectar com eles.

Aqui, cada um faz a transforma√ß√£o acontecer.

Nossos processos seletivos est√£o acontecendo de forma 100% remota e n√≥s encorajamos inscri√ß√µes de qualquer lugar do Brasil e do mundo. #vempraglobo



Quer saber mais sobre como √© trabalhar na Globo? Vem acompanhar nosso dia a dia, desafios e conquistas nas nossas redes:

https://www.linkedin.com/company/globo

https://www.instagram.com/vempraglobo

https://www.youtube.com/c/VemPraGlobo/

Os seus dados pessoais ser√£o utilizados para fins de sele√ß√£o de candidatos para preenchimento das vagas abertas na Globo. Os dados pessoais coletados durante o processo seletivo dos candidatos que n√£o forem admitidos neste momento poder√£o ser mantidos nos bancos de dados para considera√ß√£o em futuros processos seletivos. Todos os dados coletados ser√£o tratados segundo r√≠gidos padr√µes de seguran√ßa da informa√ß√£o e em total respeito √†s leis de privacidade aplic√°veis, incluindo a Lei 13.709/18, e nos termos de nossa pol√≠tica de privacidade, dispon√≠vel no link: https://vempraglobo.g.globo/files/politica_de_privacidade.pdf

Ao prosseguir voc√™ est√° ciente e de acordo para realiza√ß√£o de sua candidatura nestes termos.

Process stages




‚ú®somos globo‚ú®

A Globo √© feita de gente que quer fazer diferente, fazer junto, fazer o futuro. Gente espalhada por todo o pa√≠s (e mundo!) trabalhando com conte√∫do, not√≠cias, neg√≥cios, tecnologia, tudo isso com brasilidade e talento de sobra.

Canais na TV aberta e por assinatura, produtos digitais como Globoplay, Cartola, G1, Ge, Gshow e outros servi√ßos est√£o reunidos no mesmo lugar.







Quer fazer parte dessa transforma√ß√£o tamb√©m?

#VemPraGlobo ;)",Pleno-s√™nior
Stefanini Brasil,"Job Description

Na Stefanini, acreditamos no poder da colabora√ß√£o. Co-criamos solu√ß√µes inovadoras em parceria com nossos clientes, combinando tecnologia de ponta, intelig√™ncia artificial e a criatividade humana. Estamos na vanguarda da resolu√ß√£o de problemas de neg√≥cios, proporcionando impacto real em escala global.

Ao se juntar √† Stefanini, voc√™ se torna parte de uma jornada global de transforma√ß√£o. Estamos empenhados em criar impacto positivo n√£o apenas nos neg√≥cios, mas tamb√©m na vida de nossos colaboradores. Se voc√™ procura uma oportunidade de crescimento profissional em uma empresa que valoriza inova√ß√£o, respeito, autonomia e parceria, voc√™ encontra aqui!

Junte-se a n√≥s e seja parte da mudan√ßa!

Responsibilities and assignments







O que precisamos que voc√™ tenha de conhecimento:









Additional information



üçõ Vale Alimenta√ß√£o ou Vale Refei√ß√£o;

üë®üèº‚Äçüéì Desconto em cursos, universidades e institui√ß√µes de idiomas;

üìö Academia Stefanini - plataforma com cursos online, gratuitos, atualizados e com certificado;

üó£ Mentoring;

üè´ Aux√≠lio Creche;

üíâ Clube de vantagens para consultas e exames;

üè• Assist√™ncia M√©dica;

ü¶∑Assist√™ncia Odontol√≥gica;

üí∞ Clube de vantagens e descontos nos melhores estabelecimentos;

üõ´ Clube de viagens;

üê∂ Conv√™nio para Pet;

e muito mais...

Process stages



Stefanini: Acreditar para Cocriar üåü

Na Stefanini, a inova√ß√£o n√£o √© apenas uma meta; √© uma jornada que trilhamos juntos, onde a colabora√ß√£o se torna a ess√™ncia da transforma√ß√£o. ü§ù Com 37 anos de hist√≥ria e uma presen√ßa global em mais de 40 pa√≠ses, contamos com uma equipe de 38 mil talentos apaixonados, prontos para transformar desafios em oportunidades por meio da tecnologia. üí°

Acreditamos que cada projeto √© uma oportunidade e que, juntos, podemos moldar um futuro mais √°gil, eficiente e conectado. Nossa miss√£o vai al√©m de oferecer solu√ß√µes: buscamos cocriar com nossos clientes, integrando intelig√™ncia artificial e tecnologias emergentes para revolucionar o cotidiano das empresas. üåç‚ú®

Aqui, cada voz conta e cada ideia tem o poder de impactar. Valorizamos a humildade, o respeito, o comprometimento e a coragem, construindo uma cultura onde a inova√ß√£o floresce. Aqui, liderar √© dar o exemplo, e √© por isso que inspiramos um ambiente din√¢mico onde tecnologia e talento se complementam.

Se voc√™ sonha grande, tem coragem de desafiar o convencional e quer fazer parte de uma equipe que acredita no poder da cocria√ß√£o, junte-se a n√≥s! Vamos, juntos, acreditar e cocriar um futuro brilhante, onde cada passo representa uma nova conquista!üöÄ‚ú®",Pleno-s√™nior
C6 Bank,"Nossa √°rea de Performance BI

Estamos buscando um Analista de Business Intelligence apaixonado por dados e an√°lises para se juntar √† nossa equipe de Marketing de Performance (Business Intelligence).

Experi√™ncia em interpretar dados complexos, identificar padr√µes e tend√™ncias, e gerar insights acion√°veis para impulsionar o desempenho das campanhas de marketing, al√©m de intera√ß√£o com os times de Branding & Comunica√ß√£o, CRM, UX, Planejamento e Produtos.

Suas atividades como CSixer




Requisitos e experi√™ncia




Nossos benef√≠cios




C6 BANK

O BANCO DA SUA VIDA

Atendemos pessoas f√≠sicas, MEIs e PMEs em todos os estados do Brasil. Sem ag√™ncias f√≠sicas para te prender, oferecemos mais de 90 produtos e servi√ßos financeiros feitos para todos os perfis de clientes.

Estamos localizados em S√£o Paulo-SP e contamos com mais de 3.000 CSixers que est√£o sempre a mil por hora. Em pouco mais de cinco anos, conquistamos muitos pr√™mios e reconhecimentos.

Confira o v√≠deo para conhecer mais sobre n√≥s:",Pleno-s√™nior
Eurofarma,"Responsabilidades e atribui√ß√µes
Confira as principais atividades do dia a dia para essa posi√ß√£o:


Respons√°vel pela administra√ß√£o e gerenciamento de ambiente Windows, Linux e VMware







√≠vel",Pleno-s√™nior
Deloitte,"Description

Voc√™ ter√° a oportunidade de evoluir sua carreira na maior organiza√ß√£o de servi√ßos profissionais do mundo atuando como Analista de Dados Junior. Na sua rotina, voc√™ ir√°:



J√° pensou atuar em uma organiza√ß√£o que cresce exponencialmente, com os maiores players de tecnologia do Brasil e no Mundo? Os l√≠deres da Deloitte vivem o nosso prop√≥sito: gerar impactos positivos. Energizam, empoderam, conectam, interagem, reagem e pensam de formas diferentes. Por isso, buscamos pessoas que s√£o inspiradoras, criam ambientes diversos, influenciam uma cultura colaborativa e, com isso, entregam valor. Nossa lideran√ßa √© pe√ßa-chave para o nosso crescimento.















√â claro que cuidar√≠amos do seu desenvolvimento aqui na Deloitte! Queremos que voc√™ alcance seus objetivos profissionais e pessoais e, por isso, contamos com Universidade Corporativa, acesso a plataformas online de aprendizado, plataforma de idiomas com mais de 7.500 conte√∫dos e cerca de 60 cursos divididos por n√≠vel, √°rea de atua√ß√£o, habilidades profissionais e interesses, e at√© uma plataforma que re√∫ne diversas institui√ß√µes de ensino, fornecendo descontos exclusivos para profissionais Deloitte e seus dependentes.

Al√©m disso, oferecemos um plano de carreira estruturado, com mentoria de profissionais da Deloitte por meio de um(a) coach, que poder√° ouvir seus desafios e apoiar para que consiga evoluir tanto com habilidades t√©cnicas, quanto com habilidades comportamentais com base na pr√≥pria experi√™ncia. √â √≥timo ter uma pessoa mentora, n√£o √© mesmo?



Aqui na Deloitte, acreditamos que sa√∫de e bem-estar n√£o s√£o apenas projetos, e sim uma mudan√ßa de cultura. Queremos que voc√™ coloque em pr√°tica todo o seu talento e desenvolva uma carreira de sucesso com a gente, com equil√≠brio entre Mente, Corpo e Prop√≥sito. Para isso, contamos com mais de 30 benef√≠cios, como:













Voc√™ pode ser quem realmente √© com oportunidade igual de crescimento. Para refor√ßar esse compromisso, desenvolvemos a estrat√©gia global D&I com os 5 pilares ‚Äì Origens, Delas, LGBT+, Inclui e Gera√ß√µes.",Pleno-s√™nior
Blackbird Co.,"A BlackbirdCo. √© uma empresa brasileira de atua√ß√£o global com foco no desenvolvimento de produtos sofisticados e estruturados nas √°reas de Cr√©dito, Corporate, Offshore, Asset, Wealth Management e Advisory.

Somos uma companhia de investimentos que acredita na alta qualidade t√©cnica dos profissionais, mentalidade de dono e transpar√™ncia como pilares para performance.

Na √°rea de Business Intelligence, voc√™ √© respons√°vel por modelagens e automatiza√ß√µes, al√©m de alinhar o direcionamento estrat√©gico da casa via dados.

Voc√™ ter√° a oportunidade de trabalhar em projetos desafiadores que envolvem a coleta, an√°lise e visualiza√ß√£o de dados, contribuindo diretamente na tomada de decis√µes e otimiza√ß√£o dos processos internos.

:",Est√°gio
Natura,"Voc√™ j√° pensou em trabalhar em uma empresa que se preocupa com a sustentabilidade?‚ÄØ‚ÄØVoc√™ gosta de criar rela√ß√µes, desenvolver equipe e de gerar boas experi√™ncias? Voc√™ j√° se imaginou em um lugar que valoriza a diversidade? Se voc√™ respondeu sim para todas essas perguntas, estamos procurando VOC√ä!

https://www.youtube.com/watch?v=BNFZzt4ZCls

Natura √© formada por duas marcas de beleza ic√¥nicas: Avon e Natura, cada uma com miss√£o e esp√≠rito √∫nicos, mas conectadas pelo prop√≥sito comum de construir, juntas, o caminho para um futuro melhor. Presentes em mais de 100 pa√≠ses e com mais de 200 milh√µes de consumidores, e entendendo que promover beleza PARA o mundo √©, tamb√©m, deixar um legado, as empresas ajudam a transformar a sociedade a partir da forma como desenvolvem seus neg√≥cios, promovendo a valoriza√ß√£o da inclus√£o e da diversidade, a prote√ß√£o do meio ambiente e a gera√ß√£o de oportunidades e renda √†s mulheres.

Te convido avaliar nossa oportunidade!



Prazo indeterminado



A Natura est√° em busca de um Analista Pleno de Data Analytics para atuar em seu time de Varejo, com foco em um ambiente h√≠brido e din√¢mico. O profissional ser√° respons√°vel por desenvolver e implementar relat√≥rios estrat√©gicos em Tableau, assegurando a precis√£o, qualidade e integridade dos dados coletados de diversas fontes do Varejo. Al√©m disso, dever√° conduzir an√°lises detalhadas que ofere√ßam suporte anal√≠tico para as decis√µes dos principais stakeholders, propondo solu√ß√µes inovadoras em um ambiente acelerado.















PLR;

Transporte fretado ida/volta. Estacionamento e restaurante no local;

Modelo de Trabalho H√≠brido na localiza√ß√£o indicada (3x na semana presencial);

Sua sexta-feira termina √†s 15:00 #sextou;

O dia do seu anivers√°rio √© na sua casa + Vale-presente Natura;

Produtos Natura, Avon e The Body Shop com 40% off. (calma! s√£o 10 produtos por m√™s para cada um e-commerce);

Ber√ß√°rio para os filhos de at√© 3 anos das m√£es e pais colaboradorxs nas localidades do NASP e Cajamar;

Licen√ßa maternidade 6 meses + Licen√ßa paternidade 40 dias;

Presente no dia das m√£es (para a sua e para voc√™, se tamb√©m for m√£e);

Gympass;

Assist√™ncia m√©dica;

Assist√™ncia Psicol√≥gica (Psicologia Viva - 4 Sess√µes Gratuitas por m√™s);

Assist√™ncia odontol√≥gica;

Seguro de vida;

Aux√≠lio home office (modelos h√≠brido e remoto);

Vale Refei√ß√£o para os dias de Home Office (modelos h√≠brido e remoto).

A Natura celebra e abra√ßa a diversidade em todas as suas formas e pluralidades! Convido as #Mulheres, #Pessoasnegras, #PessoascomDefici√™ncia, pessoas pertencentes √† comunidade #LGBTQIA+, #Gestantes e pessoas de #50anos+ a se candidatarem a esta vaga!!

Caso queira saber mais informa√ß√µes sobre como utilizamos seus dados pessoais para fins de recrutamento, consulte o Aviso de Privacidade da Natura para Candidatas/os, acesse :https://static.rede.natura.net/html/07-2023/global/natura-co/natura-co-global-aviso-para-candidatas-a-vagas.pdf



Somos mais do que um lugar de trabalho: constru√≠mos e vivemos diariamente o Ecossistema Bem Estar Bem, baseado na rela√ß√£o harmoniosa entre cada indiv√≠duo, as rela√ß√µes ao seu redor e o ambiente em que est√° inserido. Al√©m de oferecer benef√≠cios voltados ao bem-estar social, f√≠sico, financeiro, mental e emocional, promovemos um ambiente de prosperidade, pertencimento e prop√≥sito, fortalecendo uma rede s√≥lida de apoio, expans√£o de consci√™ncia e respeito √† diversidade, equidade e inclus√£o.

Somos um movimento que transforma a maneira de viver e fazer neg√≥cios em 14 pa√≠ses da Am√©rica Latina, sempre guiados por consci√™ncia.



Se sim, pe√ßa o e-mail corporativo dessa pessoa e, ao se inscrever para uma vaga, utilize-o para solicitar uma recomenda√ß√£o. √â uma excelente oportunidade para fortalecer sua rede de contatos e avan√ßar no seu processo seletivo em nossa empresa!",Pleno-s√™nior
Cushman & Wakefield,"A Cushman & Wakefield √© uma empresa multinacional que atua no ramo imobili√°rio. Trabalhamos para sermos o provedor global preferencial de servi√ßos imobili√°rios, oferecendo as solu√ß√µes mais criativas e inovadoras de forma consistente, gerando valor significativo aos nossos clientes. Queremos aumentar ainda mais a diversidade das nossas pessoas, pois entendemos que essa √© a chave para a inova√ß√£o. Por isso, incentivamos que mulheres, pessoas da comunidade LGBTQIAP+, ind√≠genas, afrodescendentes, pessoas com defici√™ncia, maiores de 50 anos se candidatem as nossas vagas. Celebramos a diversidade e o nosso compromisso √© criar um ambiente inclusivo para todos os colaboradores.",Pleno-s√™nior
SHEIN,"ABOUT SHEIN:

Are you looking for an exciting new move in your career? SHEIN is an international online fashion retailer that‚Äôs in an exciting new phase of our continued growth! If you like to work fast, collaboratively and understand the true value of idea generation with a ‚Äòcustomer first‚Äô mentality - you‚Äôre on your way to being a right fit for us. SHEIN prides itself on our agility within our business model and talent base so we‚Äôre looking for dreamers and doers. As a fast-growing business with an immediate need to innovatively build out our talent infrastructure, we‚Äôre looking for a dynamic professional who is keen to work in an agile and evolving business environment.",Pleno-s√™nior
Privalia,"Se voc√™ tem interesse em iniciar sua trajet√≥ria na √°rea de dados e quer atuar diretamente no setor financeiro, essa √© a sua chance! Buscamos um Analista de Dados J√∫nior para integrar a equipe de Dados, atendendo √†s demandas da √°rea de Tesouraria. Nesta posi√ß√£o, voc√™ ser√° respons√°vel por apoiar o desenvolvimento de consultas e dashboards, ajudando a transformar dados em informa√ß√µes valiosas para o neg√≥cio.




















Al√©m de um clima descontra√≠do, sem pol√≠tica de e total open space, compartilhamos de alguns outros benef√≠cios que trazem qualidade de vida e muita felicidade:




O que voc√™ est√° esperando para se juntar a n√≥s?",N√£o aplic√°vel
Banco ABC Brasil,"Job Description

O Banco ABC Brasil √© um banco m√∫ltiplo e moderno, com expertise e solidez, constru√≠das em seus mais de 30 anos de hist√≥ria no Brasil, que proporciona solu√ß√µes completas para empresas de diferentes tamanhos e segmentos, nacionais e internacionais.

Com profissionais altamente qualificados, que movimentam produtos e servi√ßos sofisticados, o nosso objetivo √© consolidar as para as empresas clientes.

O √© reconhecido aqui como uma para nossas entregas, com um programa de entrada que permite ao jovem conhecer a fundo sua √°rea de atua√ß√£o e, paralelamente, desenvolver-se com seus trabalhos pr√°ticos, por meio da e por meio de uma , dispon√≠vel integralmente ao jovem com conte√∫dos t√©cnicos e comportamentais.

Responsibilities and assignments







Process stages



Quem somos

Somos um banco m√∫ltiplo, especializado na concess√£o de cr√©dito e servi√ßos para empresas de m√©dio e grande porte, sendo um dos √∫nicos no pa√≠s com suporte de um controlador internacional combinado a uma forte autonomia de gest√£o local.

Com amplo portf√≥lio de produtos, h√° mais de 30 anos auxiliamos os clientes a encontrar as melhores solu√ß√µes para os seus neg√≥cios.

Listado desde 2007 no N√≠vel 2 de governan√ßa corporativa da B3, recentemente expandimos nossa atua√ß√£o tamb√©m para as √°reas de Comercializa√ß√£o de Energia e Corretagem de Seguros.

Temos como foco a nossa evolu√ß√£o cont√≠nua. Para isso,

Buscamos oferecer aos nossos colaboradores um ambiente cheio de oportunidades de desenvolvimento, onde prezamos por rela√ß√µes colaborativas e abertura para falar e ser ouvido.",Assistente
Shopee,"About The Team

Sobre a Sh√¥

Aqui na Sh√¥, acreditamos que cada membro de nossa equipe √© fundamental para o nosso sucesso, e que diversidade de perspectivas e viv√™ncias s√£o essenciais para movimentar nosso neg√≥cio e impulsionar o nosso prop√≥sito de mudar o mundo para melhor.

Fazer parte do nosso time √© a oportunidade de se desenvolver dentro de uma cultura de muita agilidade. Se voc√™ ama assumir grandes responsabilidades e fazer o que nunca foi feito, a Sh√¥ √© seu lugar. Aqui voc√™ ter√° grandes desafios, trabalhar√° em colabora√ß√£o com um time diverso e contribuir√° para o futuro do e-commerce no Brasil, criamos impacto positivo na vida de milh√µes de pessoas.



Adotamos um modelo de trabalho h√≠brido, esse modelo permite que as pessoas ajustem seu ambiente de trabalho de acordo com suas necessidades pessoais, ao mesmo tempo em que promove a colabora√ß√£o e intera√ß√£o no escrit√≥rio.



Respons√°vel por utilizar t√©cnicas avan√ßadas de an√°lise de dados para extrair informa√ß√µes valiosas do time de Customer Service de acordo com os dos dados gerados pelas intera√ß√µes com os clientes.",Pleno-s√™nior
Edge UOL,"Job Description

Somos uma empresa de tecnologia que desafia seus clientes a todo momento com o intuito de modernizar a infraestrutura com conceitos inovadores de edge computing, cloud h√≠brida, opera√ß√£o aut√¥noma, ciberseguran√ßa e multiconectividade. Fazemos parte do Grupo UOL uma empresa 100% brasileira, pioneira na internet e que revoluciona o universo digital desde 1996.

A inova√ß√£o est√° no nosso DNA e contamos com um time criativo, apaixonado pelo que faz e incans√°vel na busca das melhores solu√ß√µes. Se voc√™ se identificou, confira nossa oportunidade e vem ser #Edger!

Na todas as pessoas s√£o bem-vindas üòä,O importante √© voc√™ gostar de desafios, trabalhar bem em equipe, vivenciar nossa cultura e nossa miss√£o de inovar e criar as melhores solu√ß√µes em tecnologia, potencializando os neg√≥cios dos nossos clientes e melhorando a vida das pessoas.

Responsibilities and assignments







Additional information





Conhe√ßa a Edge UOL

Somos uma empresa de tecnologia que desafia seus clientes a todo momento com o intuito de modernizar a infraestrutura com conceitos inovadores de edge computing, cloud h√≠brida, opera√ß√£o aut√¥noma, ciberseguran√ßa e multiconectividade.

Fazemos parte do Grupo UOL, uma empresa 100% brasileira, pioneira na internet e que revoluciona o universo digital desde 1996.

Nosso prop√≥sito √© entregar servi√ßos diferenciados, oferecendo uma experi√™ncia h√≠brida √∫nica, ao conectar tecnologias, cargas de trabalho, independentemente da dist√¢ncia, com lat√™ncia ultrabaixa, desempenho e resili√™ncia.

Trazemos a inova√ß√£o no nosso DNA e contamos com um time incr√≠vel, apaixonado pelo que faz e incans√°vel na busca das melhores solu√ß√µes.

Se voc√™ se identificou, √© criativo e gosta de desafios, confira nossas oportunidades e vem ser #Edger!

#VemPraEdgeUOL",Pleno-s√™nior
BTG Pactual,"Sobre a √Årea

A √°rea de dados do Banco tem crescido a cada dia e temos certeza que ela protagonizar√° os novos modelos de neg√≥cios do banco. Diante dessa grande miss√£o, prezamos por um time de alta qualidade para solucionar importantes desafios.

A posi√ß√£o tem como objetivo compor o time de que trabalha com as mais modernas tecnologias de , e an√°lise de dados, ajudando no dia a dia de diversas √°reas do banco.",Pleno-s√™nior
Arcotech,"Data Analyst Jr
Remoto
Apply


Somosh, time de tecnologia do. Desenvolvemos solu√ß√µes digitais para que alunos, pais e escolas atuem em conjunto por um aprendizado mais din√¢mico e efetivo
































ivers√°rio.
T-2517",J√∫nior
dti digital,"Procuramos Uma Pessoa Que

Tenha vontade de aprender coisas novas e crescer junto com a dti digital;
Seja focada e proativa;






REQUISITOS N√ÉO OBRIGAT√ìRIOS, MAS QUE FAR√ÉO VOC√ä SE DESTACAR:









Na dti, o Plano de Carreira √Ågil √© uma jornada de crescimento cont√≠nuo, onde cada crafter tem a liberdade de tra√ßar seu caminho, com o apoio de ferramentas e programas desenhados para inspirar e alinhar o desenvolvimento pessoal aos seus sonhos. O Trajet√≥rias √© a b√∫ssola que orienta esse percurso, sempre valorizando a autonomia e impulsionando conquistas extraordin√°rias.

E a√≠, se identificou com a nossa cultura? Ent√£o corre para se inscrever

Se o seu curr√≠culo for selecionado para a primeira fase do nosso processo seletivo, entraremos em contato, ent√£o fique atenta(o) ao seu e-mail (inclusive na pasta do spam) e telefone, ok? Caso seu curr√≠culo n√£o seja triado, n√£o enviamos feedback, mas voc√™ ficar√° no nosso banco de curr√≠culos e poder√° se candidatar novamente em outro momento ;)",Est√°gio
Omie,"A Omie tem como prop√≥sito trazer prosperidade para o ecossistema empreendedor brasileiro. Por isso, buscamos por pessoas com mentalidade de crescimento, valorizando perfis que tenham capacidade de adapta√ß√£o, senso colaborativo e sejam motivadas pela inova√ß√£o e pelo aprendizado cont√≠nuo.

Fa√ßa parte da hist√≥ria de uma das empresas de tecnologia que mais cresce no pa√≠s! üöÄ





Estamos em busca de um(a) para compor nosso time e contribuir para o crescimento e otimiza√ß√£o dos nossos processos comerciais. Se voc√™ √© apaixonado por dados, possui habilidades anal√≠ticas e gosta de transformar n√∫meros em insights estrat√©gicos, essa oportunidade √© para voc√™!




















Benef√≠cio Flex√≠vel/VR: R$ 40,00/dia √∫til.

Aux√≠lio-escrit√≥rio e Aux√≠lio Home office para voc√™ melhorar o seu ambiente de trabalho remoto e torn√°-lo ainda mais confort√°vel.

Precisa trabalhar presencialmente? N√≥s temos vale-transporte. E para voc√™ que vem de trem/metr√¥ disponibilizamos um fretado na esta√ß√£o para deslocamento at√© o escrit√≥rio.

Plano de sa√∫de Bradesco.

Plano odontol√≥gico Amil Dental.

Aux√≠lio Farm√°cia.

Aux√≠lio-creche.

Day off de anivers√°rio, para voc√™ comemorar como quiser!

Para manter a sa√∫de e o bem-estar f√≠sico em dia, contamos com Apps parceiros de academias credenciadas.

Para relaxar e cuidar da sa√∫de mental, temos parcerias com plataformas de terapia e medita√ß√£o online.

Parceria com o SESC - Credencial Plena

Descontos exclusivos nas melhores faculdades e institui√ß√µes de ensino, voltados para cursos de gradua√ß√£o, p√≥s-gradua√ß√£o e MBA. Al√©m de disponibilizarmos o Omie Academy gratuito para colaboradores.

Parceria com cursos de English in Company.

Programa de descontos em seguros.

Empr√©stimo consignado via Ali Cr√©dito.

Swile Shop: plataforma de descontos exclusivos.

Parceria com a Dell: cupons de at√© R$ 2.000,00.

PPLR.

Global Pass: benef√≠cio de viagens.

Seguro de vida.",N√£o aplic√°vel
Shopee,"Job Description

Sobre a Sh√¥

Aqui na Sh√¥, acreditamos que cada membro de nossa equipe √© fundamental para o nosso sucesso, e que diversidade de perspectivas e viv√™ncias s√£o essenciais para movimentar nosso neg√≥cio e impulsionar o nosso prop√≥sito de mudar o mundo para melhor.

Fazer parte do nosso time √© a oportunidade de se desenvolver dentro de uma cultura de muita agilidade. Se voc√™ ama assumir grandes responsabilidades e fazer o que nunca foi feito, a Sh√¥ √© seu lugar. Aqui voc√™ ter√° grandes desafios, trabalhar√° em colabora√ß√£o com um time diverso e contribuir√° para o futuro do e-commerce no Brasil, criamos impacto positivo na vida de milh√µes de pessoas.

Modelo de Trabalho

Adotamos um modelo de trabalho h√≠brido, esse modelo permite que as pessoas ajustem seu ambiente de trabalho de acordo com suas necessidades pessoais, ao mesmo tempo em que promove a colabora√ß√£o e intera√ß√£o no escrit√≥rio.

Qual ser√° a sua miss√£o

Respons√°vel por utilizar an√°lise de dados avan√ßada para identificar e prevenir fraudes operacionais na cadeia log√≠stica da Shopee, contribuindo diretamente para a redu√ß√£o de perdas e aprimoramento da experi√™ncia do cliente.

Como ser√° o seu dia a dia





O que voc√™ precisa para assumir o desafio



Benef√≠cios



VEM FAZER HIST√ìRIA COM A GENTE.

O QUE TE FAZ √öNICO, NOS FAZ MELHORES! üß°",Pleno-s√™nior
Hcor,"O Hcor nasceu do trabalho da Associa√ß√£o Beneficente S√≠ria, fundada por mulheres da comunidade √°rabe, com o objetivo de retribuir o acolhimento que receberam no Brasil. Assim, a diversidade e a inclus√£o est√£o em nossa ess√™ncia e s√£o valores que reconhecemos, valorizamos e queremos cada vez mais presentes em nossa institui√ß√£o. S√£o bem-vindos em nossos processos todas as pessoas que se candidatem e independente de suas caracter√≠sticas, hist√≥ria, g√™nero, idade, ra√ßa, cor, credo, orienta√ß√£o sexual, etnia ou origem nacional, identidade e defici√™ncia. Acreditamos no potencial da diversidade como instrumento de aprendizagem, crescimento e transforma√ß√£o, atrelados aos nossos valores de cultura:",Pleno-s√™nior
Ita√∫ Unibanco,"Vem construir Tecnologia no Ita√∫_

Como maior banco privado da Am√©rica Latina, acompanhamos de perto o desenvolvimento de novas tecnologias e enxergamos o processo como uma evolu√ß√£o natural do nosso neg√≥cio, que torna poss√≠vel termos um contato ainda mais pr√≥ximo com a experi√™ncia de nossos clientes para continuarmos aprimorando suas jornadas.

Ao longo de nossa hist√≥ria, a . Dentro deste contexto, todos os produtos que oferecemos aos nossos clientes passam a ser produtos tecnol√≥gicos, independente da interface que ele escolha ‚Äì seja ela f√≠sica, digital ou mista.

Vem construir solu√ß√µes digitais em uma das maiores institui√ß√µes financeiras da Am√©rica Latina!



Aqui voc√™ vai encontrar uma gama de possibilidades de carreiras. Ter√° a oportunidade de atuar em Comunidades Integradas, com sistemas modernizados na nuvem, Infraestrutura orientada a API‚Äôs, utilizar dados em escala atrav√©s de Data lake e Data Mesh e muito mais. Se liga nas nossas especialidades!



A pessoa Arquiteta desempenha um papel fundamental na defini√ß√£o e cria√ß√£o de solu√ß√µes tecnol√≥gicas para atender √†s necessidades de neg√≥cios do Ita√∫. Dentro dessa especialidade temos algumas nuances, sendo: Arquitetura de Tecnologia que √© respons√°vel por planejar, estruturar, desenvolver e monitorar solu√ß√µes tecnol√≥gicas; Arquitetura de Solu√ß√µes que atua entre a arquitetura de tecnologia e a engenharia de software, √© respons√°vel por criar solu√ß√µes de alto n√≠vel atrav√©s de um conhecimento mais generalista de tecnologia; Arquitetura de Neg√≥cios √© a respons√°vel por desenvolver modelos e roteiros para melhorar nossa organiza√ß√£o, olhando para agilidade empresarial, novos mercados, produtividade, transforma√ß√£o e efici√™ncia.

√â tamb√©m comum termos pessoas arquitetas atuando em outras especialidades, como: Seguran√ßa, Software e Dados.



A Engenharia de Software desempenha um papel fundamental no desenvolvimento e manuten√ß√£o de softwares para atender √†s necessidades dos nossos neg√≥cios. Trabalhando em colabora√ß√£o com equipes multifuncionais, a pessoa Engenheira de Software √© respons√°vel por projetar, implementar, testar e documentar solu√ß√µes de software eficientes e escal√°veis, garantindo a qualidade e a performance do produto. Com isso temos uma variedade de atua√ß√µes na Engenharia: Frontend; Backend; Mobile; Qualidade e Testes de Software. Atuamos com as principais tecnologias do mercado: Java; Kotlin; Swift; .Net Core; Angular; React e muito mais.



A Engenharia de Infraestrutura em Cloud desempenha um papel fundamental na concep√ß√£o, implementa√ß√£o e manuten√ß√£o de arquiteturas de infraestrutura em nuvem para suportar as opera√ß√µes dos nossos neg√≥cios. A pessoa Engenheira de Infraestrutura em Cloud √© respons√°vel por projetar e implementar ambientes em nuvem seguros, escal√°veis e de alto desempenho, al√©m de garantir a disponibilidade, a confiabilidade e a efici√™ncia dos recursos de computa√ß√£o em nuvem.



A pessoa Engenheira ou Analista de Infraestrutura de Tecnologia desempenha um papel essencial na manuten√ß√£o e suporte da infraestrutura de TI do Ita√∫. Trabalhando em colabora√ß√£o com a equipe de Tecnologia da Informa√ß√£o, ela √© respons√°vel por garantir que todos os sistemas e redes estejam funcionando de forma eficiente, segura e confi√°vel. Essa fun√ß√£o requer habilidades t√©cnicas s√≥lidas, conhecimento em v√°rias tecnologias de infraestrutura e capacidade de solucionar problemas de forma r√°pida e eficaz.



A Engenheira de Confiabilidade (SRE) √© respons√°vel por garantir a confiabilidade, a escalabilidade e a efici√™ncia de sistemas e infraestrutura cr√≠tica de TI. A pessoa SRE trabalha em colabora√ß√£o com as equipes de desenvolvimento, opera√ß√µes e infraestrutura para projetar, implementar e manter solu√ß√µes altamente dispon√≠veis e resilientes. Al√©m disso, o SRE tamb√©m √© respons√°vel por automatizar tarefas, monitorar o desempenho dos sistemas e resolver problemas complexos de maneira eficiente para minimizar o impacto nos usu√°rios finais.



Seguran√ßa da Informa√ß√£o √© respons√°vel por garantir a prote√ß√£o, confidencialidade, integridade e disponibilidade das informa√ß√µes sens√≠veis e dos sistemas de informa√ß√£o do Banco. A pessoa especialista nessa √°rea ir√° desenvolver e implementar pol√≠ticas, procedimentos e controles de seguran√ßa, al√©m de monitorar e avaliar continuamente a efic√°cia dessas medidas. Ela deve estar atualizada com as √∫ltimas amea√ßas de seguran√ßa e as melhores pr√°ticas da ind√∫stria, a fim de detectar e mitigar vulnerabilidades potenciais.









üß° A Cultura Ituber

Para n√≥s, a transforma√ß√£o come√ßa quando olhamos para tr√°s: reconhecemos tudo o que constru√≠mos juntos at√© aqui e nos orgulhamos, afinal, s√£o quase 100 anos de hist√≥ria!

O nosso principal pilar √© a √©tica: pra gente, √©tica √© inegoci√°vel. Ou seja, nos comprometemos a fazer sempre o certo, sem jeitinhos, sem atalhos.

A partir desse pilar principal, temos os nossos outros direcionadores:",Assistente
Inter,"Vem ser Inter com a gente!!!

Conta digital gratuita, plataforma de investimentos, shopping e o que mais a vida precisar. O Inter √© isso, e √© muito mais. A gente acredita que tudo pode ser mais simples, e que cada dia √© mais uma oportunidade de fazer diferente. Se voc√™ tamb√©m √© assim, vem ser #sanguelaranja.



Free digital account, investment platform, shopping and whatever else life needs. Inter is that, and much more. We believe that everything can be simpler, and that every day is another opportunity to do something different. If you're like this too, come be #sanguelaranja.















O Nosso time de Talent √© focado em contratar pessoas protagonistas, atuando com paix√£o e mentalidade inclusiva, respeitando a singularidade de cada pessoa e oferecendo a todos os colaboradores meios para que possam desenvolver o seu potencial e protagonismo.

O Inter √© parceiro e est√° por dentro de projetos inclusivos, todas as nossas vagas s√£o direcionadas a pessoas com defici√™ncias.



Our Talent team is focused on hiring leading people, acting with passion and an inclusive mindset, respecting the uniqueness of each person and offering all employees the means to develop their potential and protagonism. Inter is a partner and is aware of inclusive projects, all of our vacancies are aimed at people with disabilities.",Pleno-s√™nior
Shopee,"Job Description

Sobre a Sh√¥

Aqui na Sh√¥, acreditamos que cada membro de nossa equipe √© fundamental para o nosso sucesso, e que diversidade de perspectivas e viv√™ncias s√£o essenciais para movimentar nosso neg√≥cio e impulsionar o nosso prop√≥sito de mudar o mundo para melhor.

Fazer parte do nosso time √© a oportunidade de se desenvolver dentro de uma cultura de muita agilidade. Se voc√™ ama assumir grandes responsabilidades e fazer o que nunca foi feito, a Sh√¥ √© seu lugar. Aqui voc√™ ter√° grandes desaÔ¨Åos, trabalhar√° em colabora√ß√£o com um time diverso e contribuir√° para o futuro do e-commerce no Brasil, criamos impacto positivo na vida de milh√µes de pessoas.



Adotamos um modelo de trabalho h√≠brido, esse modelo permite que as pessoas ajustem seu ambiente de trabalho de acordo com suas necessidades pessoais, ao mesmo tempo em que promove a colabora√ß√£o e intera√ß√£o no escrit√≥rio.



Esta posi√ß√£o ser√° respons√°vel por desenvolver e acompanhar os principais controles e KPIs que envolvem as previs√µes de demanda e capacidade log√≠stica da Shopee, tanto com o objetivo criar reports operacionais/executivos, quanto de identificar oportunidades de melhorias em toda a cadeia de proje√ß√£o realizada pelo time de S&OP. Essa posi√ß√£o exige um perfil anal√≠tico, sendo importante trazer insights tang√≠veis √† partir das an√°lises realizadas, al√©m de uma comunica√ß√£o clara e objetiva para ajudar a direcionar os demais times em rela√ß√£o √†s necessidades de implementar melhorias cont√≠nuas nos modelos de previs√£o.",Pleno-s√™nior
Lojas Renner S.A.,"Job Description

Voc√™ curte o setor de BI, √© uma pessoa mais anal√≠tica e gosta de Excel? Al√©m disso, desenvolver o seu lado estrat√©gico te parece interessante? Se voc√™ disse sim, essa vaga tem tudo a ver com o seu perfil! Voc√™ vai auxiliar os l√≠deres com projetos estrat√©gicos, analises preditivas, apoiar na gest√£o e constru√ß√£o de or√ßamentos e na cria√ß√£o de indicadores para projetos estrat√©gicos da companhia. Para tudo isso, √© bem importante que voc√™ tenha identifica√ß√£o com a √°rea e goste de atuar com an√°lise de dados!

Responsibilities and assignments











Process stages





CONHE√áA NOSSA CASA

Pode entrar e fique √† vontade, voc√™ est√° em casa! ‚ù§Ô∏è

A Camicado √© a marca do Ecossistema de Moda e Lifestyle da Lojas Renner S.A. especializada em casa e decora√ß√£o, oferecendo os melhores produtos e servi√ßos com muita qualidade, modernidade e afeto. Com mais de 120 unidades, estamos presentes em todas as regi√µes do pa√≠s, e contamos tamb√©m com um marketplace com mais de 200 sellers, al√©m do aplicativo.

H√° mais de 10 anos constru√≠mos um ambiente que forma pessoas, promove desafios e d√° autonomia para que o crescimento seja constante na carreira dos nossos talentos. Aqui, quem encanta √© encantado, a cada passo do caminho.

Se o que te encanta √© poder aprender, compartilhar e ensinar. Se o que te encanta √© o respeito, a diversidade e a inclus√£o. Seu lugar √© aqui.

Junte-se ao time de 24 mil colaboradores que est√£o reunidos para encantar ao lado das marcas Camicado, Renner, Youcom, Ashua Curve & Plus Size, Repassa e Realize.

E a√≠, vem fazer parte dessa transforma√ß√£o com a gente? üòç

#OQueTeEncantaNosEncanta",Assistente
Safra,"A √°rea de Canais Digitais | Venda direta √© respons√°vel por impulsionar a contrata√ß√£o do produto (cr√©dito consignado) por meio de canais digitais, como site e WhatsApp, garantindo uma experi√™ncia √°gil e intuitiva para o cliente no modelo de autocontrata√ß√£o (B2C). Al√©m de acompanhar toda a jornada do cliente, a √°rea analisa dados e indicadores de performance para otimizar os canais, identificar oportunidades de melhoria e ampliar as vendas de forma estrat√©gica.",N√£o aplic√°vel
Ambev,"Job Description

Atualmente a nossa Cultura passa por um processo de transforma√ß√£o e evolu√ß√£o. A nossa hist√≥ria e o nosso jeito de ser s√£o marcados por sonhos grandes que nos trouxeram at√© aqui e que nos enchem de orgulho! Mas acreditamos que o momento de evoluir √© sempre o agora e poder fazer isso junto com a nossa gente √© o que torna nossa jornada ainda mais incr√≠vel. Nossa cultura honra o passado e hoje tamb√©m √© norteada por 3 principais valores que nos guiam para sermos uma cia cada vez mais inclusiva, diversa, colaborativa, tecnol√≥gica e conectada ao futuro do mundo e da nossa plataforma de neg√≥cios, s√£o eles: Escuta Ativa, Colabora√ß√£o e Vis√£o de Longo Prazo, cada um abarcando outras compet√™ncias que fazem parte do nosso jeito de ser. Nos orgulhamos da nossa capacidade de realiza√ß√£o e paix√£o que nos trouxeram at√© aqui e para continuarmos a evoluir juntos te convidamos a fazer parte tamb√©m dessa jornada. Prazer, somos a Ambev e adorar√≠amos te ter com a gente. Vamos juntos?!

Responsibilities and assignments



√â uma √°rea super estrat√©gica que concentra boa parte das decis√µes que desenham o futuro do Z√©, al√©m de ter um dia a dia super din√¢mico e desafiador, sendo o setor respons√°vel por analisar a capacidade e a abrang√™ncia em mais de 700 cidades, entendendo como garantir o atendimento com qualidade em cada uma delas.

















Additional information

Hoje Na AMBEV N√≥s Trabalhamos Com Os Melhores Benef√≠cios Para Voc√™ e Tamb√©m Para Os Seus Dependentes Legais! Aqui Na Companhia N√≥s Conseguimos Te Proporcionar



Al√©m de sonhar, se desenvolver, construir e crescer dentro de um ambiente meritocr√°tico e inclusivo e ser capaz de fazer a diferen√ßa unindo as pessoas por um mundo melhor!

Process stages



Seja bem-vindo √† Ambev

ENTRE PARA UM TIME QUE SONHA T√ÉO GRANDE COMO VOC√ä!

Somos milhares de apaixonados e apaixonadas pelo que fazemos. Temos um orgulho imenso do nosso poder de impacto positivo e reconhecemos que, agindo como donos e donas, cada um de n√≥s desempenha um papel fundamental no sucesso do nosso ecossistema. Somado a isso, todas nossas grandes conquistas tem o sabor da colabora√ß√£o! Nosso sucesso √© compartilhado e acreditamos que por meio da colabora√ß√£o podemos encantar ainda mais o nossos clientes com as marcas que eles amam hoje, ao mesmo tempo em que podemos atender aos gostos de amanh√£.

üçª

A Nossa Cultura √© focada em construir um ambiente inclusivo e colaborativo, onde as pessoas possam ser o melhor delas mesmas - e nos ajudar a ser a nossa melhor vers√£o! Procuramos gente com paix√£o, curiosidade e coragem para fazer a diferen√ßa aqui.

Acolhemos talentos diversos, porque acreditamos que grandes ideias v√™m de pessoas com diferentes trajet√≥rias. Oferecemos oportunidades para talentos que est√£o ingressando no mercado de trabalho e somos apaixonados por impulsionar a nossa gente.",Assistente
Brasilseg,"O que estar√° sobre seus cuidados:

O Analista de Opera√ß√µes Call Center JR √© respons√°vel por apoiar a equipe de Intelig√™ncia Comercial na busca e an√°lise de dados que suportem a constru√ß√£o de relat√≥rios, dashboards e estudos, permitindo a an√°lise de a√ß√µes em andamento, avalia√ß√£o recorrente dos OKRs/KPIs chaves, diagn√≥stico de desvios frente ao planejado e identifica√ß√£o de oportunidades de incremento de efici√™ncia em todas as √°reas da Central.

Para tal, deve buscar conhecimento e alinhamento sobre as frentes em andamento e interagir com as demais √°reas para viabilizar as vis√µes necess√°rias, propondo, especificando, desenvolvendo e implementando solu√ß√µes dentro de seu √¢mbito de atua√ß√£o e responsabilidade.",N√£o aplic√°vel
Plusoft,"Estamos em busca de um Analista de Dados J√∫nior para integrar nosso time e contribuir na an√°lise e interpreta√ß√£o de dados para impulsionar decis√µes estrat√©gicas. Se voc√™ gosta de trabalhar com n√∫meros, transformar dados em insights e tem vontade de crescer na √°rea de Data Analytics, essa oportunidade √© para voc√™!",J√∫nior
Vivo (Telef√¥nica Brasil),"Job Description

Estamos em busca de talentos da √°rea de Dados/BI/Analytics!

Responsibilities and assignments

Todos os n√≠veis de expertise s√£o bem-vindes!

Queremos construir uma porta de entrada para voc√™ aqui na Vivo! E para isso, queremos conhecer sua carreira e seus voltados √† Dados/BI/Analytics

A ideia √© que tanto a equipe de Atra√ß√£o de Talentos quanto os gestores das √°reas de Dados tenham acesso ao seu curr√≠culo para que possamos te chamar logo pra fazer uma entrevista!

Ent√£o capricha no seu cadastro! Conta pra gente no que voc√™ manda bem pra podermos oferecer uma oportunidade que tenha a sua cara!





Additional information

Na Vivo N√£o Medimos Esfor√ßos Em Apoiar e Valorizar Nossos Colaboradores! N√£o S√£o Apenas Excelentes Benef√≠cios, Mas Tamb√©m Flex√≠veis. Veja o Que Ofereceremos* Para Voc√™



E tem muito mais! Mas, voc√™ tem que se candidatar para saber...



Todas as nossas vagas s√£o eleg√≠veis a pessoas com defici√™ncia e/ou reabilitados. Temos uma cultura que valoriza a diversidade, as diferen√ßas e o potencial das pessoas!

Sobre n√≥s

Somos uma empresa do Grupo Telef√¥nica, l√≠der em telecomunica√ß√µes no Brasil. Trabalhamos com o prop√≥sito de pessoas, neg√≥cios e toda sociedade, construindo uma na√ß√£o mais conectada e transformando a vida dos brasileiros. Buscamos ampliar a autonomia, a personaliza√ß√£o e as escolhas em tempo real dos nossos clientes, colocando-os no comando da sua vida digital, com seguran√ßa e confiabilidade ‚Äì tudo isso com a qualidade que s√≥ a Vivo tem.

Para que isso seja poss√≠vel, lideramos um processo de transforma√ß√£o digital e estamos revolucionando nossa companhia de dentro para fora. Implementamos metodologias √°geis por toda a empresa, buscando nos conectar com as formas mais inovadoras e colaborativas de trabalho. Atuamos para fomentar um ambiente diverso e inclusivo, que estimula a criatividade, gerando inova√ß√£o e aumentando o engajamento.

Acreditamos que a de pessoas, viv√™ncia, culturas, comportamentos, habilidades e atitudes √© um diferencial, que reflete a sociedade em que vivemos. Temos um s√≥lido programa interno, pautados nos pilares de G√™nero, LGBTI+, Ra√ßa, PcD e 50+ para assegurar uma cultura mais inclusiva e um ambiente mais diverso e representativo. Somos uma empresa de inspirada na diversidade e na que oferece espa√ßo para todos, apoia e acolhe as diferen√ßas.

Com a nossa e seus norteadores - - impulsionamos a capacidade humana de ser, sonhar e alcan√ßar o futuro que queremos, por meio da tecnologia e todas as suas possiblidades.

Acreditamos que o caminho para oferecer a melhor experi√™ncia ao nosso cliente come√ßa pela boa experi√™ncia do nosso colaborador.",Assistente
Shopee,"About The Team

Sobre a Sh√¥

Aqui na Sh√¥, acreditamos que cada membro de nossa equipe √© fundamental para o nosso sucesso, e que diversidade de perspectivas e viv√™ncias s√£o essenciais para movimentar nosso neg√≥cio e impulsionar o nosso prop√≥sito de mudar o mundo para melhor.

Fazer parte do nosso time √© a oportunidade de se desenvolver dentro de uma cultura de muita agilidade. Se voc√™ ama assumir grandes responsabilidades e fazer o que nunca foi feito, a Sh√¥ √© seu lugar. Aqui voc√™ ter√° grandes desafios, trabalhar√° em colabora√ß√£o com um time diverso e contribuir√° para o futuro do e-commerce no Brasil, criamos impacto positivo na vida de milh√µes de pessoas.

Modelo de Trabalho

Adotamos um modelo de trabalho h√≠brido, esse modelo permite que as pessoas ajustem seu ambiente de trabalho de acordo com suas necessidades pessoais, ao mesmo tempo em que promove a colabora√ß√£o e intera√ß√£o no escrit√≥rio.

Qual ser√° sua miss√£o

Identify opportunities based on performance analysis, customer journey, and sellers, in synergy with the commercial team, whenever necessary.



Como ser√° o seu dia a dia





O que voc√™ precisa para assumir o desafio



Benef√≠cios",Pleno-s√™nior
Serasa Experian,"Company Description

A Serasa Experian √© a primeira e a maior Datatech do Brasil. L√≠der em solu√ß√µes de intelig√™ncia para an√°lise de riscos e oportunidades, com foco nas jornadas de cr√©dito, autentica√ß√£o e preven√ß√£o √† fraude. Com tecnologia de ponta, inova√ß√£o e os melhores talentos, transforma a incerteza do risco na melhor decis√£o, ajudando pessoas a realizarem seus sonhos e empresas de todos os portes e segmentos a prosperarem.

Temos 22.000 pessoas operando em 32 pa√≠ses e a cada dia estamos investindo em novas tecnologias, profissionais talentosos e inova√ß√£o para ajudar todos os clientes a maximizarem cada oportunidade. Com sede corporativa em Dublin, Irlanda, a Experian est√° listada na Bolsa de Valores de Londres (EXPN) e comp√µe o √≠ndice FTSE 100.



Estamos em busca de uma pessoa Analista de BI Pleno, para atuar na √°rea de Digital Workplace Brasil (Servi√ßos de TI) e ser√° respons√°vel pelo desenvolvimento de dashboards, an√°lise dos dados e constru√ß√£o de storytelling, transformando dados complexos em insights acion√°veis e tendo como principal objetivo a busca por oportunidades de melhoria cont√≠nua com base em dados.













Na Serasa Experian, acreditamos que a diversidade √© fundamental para um ambiente de trabalho mais saud√°vel e inovador, onde todas as pessoas possam trocar experi√™ncias e expressar suas ideias. Por isso, contamos com diversas a√ß√µes para promover um recrutamento inclusivo e apoiar no desenvolvimento profissional das nossas pessoas. Al√©m disso, temos os nossos grupos de afinidade, criados para empoderar e acolher as pessoas de grupos sub-representados:ExperianPride (comunidade LGBTQIAPN+), Ubuntu (equidade racial), Women in Experian (equidade de g√™nero) e Aspire (pessoas com defici√™ncia) e Connecting Generations (gera√ß√µes). Venha fazer parte dessa transforma√ß√£o!

Experian Careers - Creating a better tomorrow together

Find out what its like to work for Experian by clicking here",N√£o aplic√°vel
Experian,"A Serasa Experian √© a primeira e a maior Datatech do Brasil. L√≠der em solu√ß√µes de intelig√™ncia para an√°lise de riscos e oportunidades, com foco nas jornadas de cr√©dito, autentica√ß√£o e preven√ß√£o √† fraude. Com tecnologia de ponta, inova√ß√£o e os melhores talentos, transforma a incerteza do risco na melhor decis√£o, ajudando pessoas a realizarem seus sonhos e empresas de todos os portes e segmentos a prosperarem.",N√£o aplic√°vel
Omnibees,"Descri√ß√£o da vaga

Somos focados em levar inova√ß√£o e agilidade para o cliente de maneira √∫nica, com um portif√≥lio amplo de hot√©is üòç
Nosso dia a dia √© norteado por realizar entregas de qualidade, tendo um bom trabalho em equipe, onde todos corroboram para o mesmo objetivo: Crescermos como empresa e profissionalmente aqui dentro de casa! üí™üèºüéñÔ∏è",Pleno-s√™nior
Atento,"Job Description

√Årea respons√°vel por todos os dados da companhia, transformando-os em informa√ß√£o. Desenvolvimento e sustenta√ß√£o de dashboards em Power BI.

Responsibilities and assignments







Additional information



R$ 4.037,00



09:00 √†s 18:00



5x2 - Folga aos s√°bados e domingos.



Unidade Nova S√£o Paulo





Process stages



VEM PRA ATENTO!

No grupo Atento, a tecnologia caminha lado a lado com o neg√≥cio, agregando valor aos nossos clientes. Somos uma empresa inovadora, que cria solu√ß√µes e acreditamos que podemos evoluir juntos. Sua contribui√ß√£o ser√° muito bem vinda!

A Atento √© 1 dos 5 maiores fornecedores a n√≠vel mundial de servi√ßos de relacionamento com o cliente e terceiriza√ß√£o de processos de neg√≥cio (CRM/BPO) e l√≠der na Am√©rica Latina. Presente em 17 pa√≠ses, contamos com cerca de 100 centros de aten√ß√£o ao cliente e mais de 110.000 colaboradores. Servimos mais de 400 clientes, principalmente empresas multinacionais l√≠deres em setores como tecnologia, telecomunica√ß√µes, finan√ßas, entre outros. Na Atento, combinamos inova√ß√£o tecnol√≥gica com o toque humano para revolucionar o atendimento ao cliente entre marcas e consumidores em todo o mundo. Oferecemos solu√ß√µes personalizadas para diversas ind√∫strias, utilizando tecnologias pr√≥prias e de terceiros para criar conex√µes aut√™nticas e experi√™ncias memor√°veis. Nosso objetivo √© tornar cada intera√ß√£o significativa, enriquecendo vidas e agregando valor ao seu neg√≥cio.

Aqui voc√™ encontrar√° um time engajado, diverso e com prop√≥sito. Ter√° a chance de crescer e se desenvolver juntamente com uma equipe campe√£, ganhadora de diversos pr√™mios. Gostamos de desafios! Voc√™ ser√° constantemente estimulado a superar suas habilidades e adquirir novos skills. Todas as nossas vagas est√£o abertas para pessoas com defici√™ncia e benefici√°rios reabilitados da Previd√™ncia Social.



Conhe√ßa tamb√©m os nossos outros Portais de Carreiras: Corporate (para √°reas de Staff/Administrativas: https://atentocorporate.gupy.io/), Atento (para oportunidades na √°rea de atendimento: https://atento.gupy.io/) e vagas exclusivas para PcD (https://pcd.gupy.io).

Acesse aqui a Pol√≠tica de Privacidade Atento e a Pol√≠tica de Candidatos Atento.

Esclarecemos que nenhum valor √© cobrado para que voc√™ participe dos nossos processos seletivos. Caso seja solicitado a voc√™ qualquer pagamento em troca de apostilas, treinamentos ou at√© mesmo inscri√ß√£o nas nossas vagas, fique alerta e fa√ßa um Boletim de Ocorr√™ncia na delegacia mais pr√≥xima. Nenhuma companhia, seja ela nossa parceira ou n√£o, possui permiss√£o para exigir pagamentos em nome da Atento. Oferecemos tamb√©m o canal recrutamento@atento.com.br para den√∫ncias em caso de recebimento de mensagens inadequadas ou impr√≥prias.",Pleno-s√™nior
Concentrix,"Somos fan√°ticos por nossas pessoas! E demonstramos isso oferecendo uma cultura de pertencimento; caminhos claros para o desenvolvimento de carreira; programas de apoio profissional, coaching e mentoria, uma rede global de amigos e colegas que podem te suportar e mais! (Tipo, muito mais.).",N√£o aplic√°vel
Porsche Cup Brasil,"Se voc√™ quer parte de time de alta performance em um ambiente din√¢mico e colaborativo cuja integridade e transpar√™ncia est√£o em destaque, que busca excel√™ncia nas entregas sempre respeitando as rela√ß√µes, ent√£o essa vaga √© para voc√™!

Para n√≥s, al√©m de todos esses princ√≠pios, valorizamos tamb√©m o esp√≠rito de equipe e o foco na realiza√ß√£o buscando sempre oportunidades de crescimento.

Estamos a procura de uma pessoa disposta a encarar grandes desafios, que seja objetiva e que gosta de um ambiente din√¢mico. Venha fazer parte desse time!",N√£o aplic√°vel
Omnibees,"Somos focados em levar inova√ß√£o e agilidade para o cliente de maneira √∫nica, com um portif√≥lio amplo de hot√©is. üòç

Nosso dia a dia √© norteado por realizar entregas de qualidade, tendo um bom trabalho em equipe, onde todos corroboram para o mesmo objetivo: Crescermos como empresa e profissionalmente aqui dentro de casa! üí™üèºüéñÔ∏è

Entregamos solu√ß√µes tecnol√≥gicas completas, proporcionando mais agilidade, menor custo e melhores resultados, encantando clientes.

Quer fazer parte do nosso time? üèÜüöÄüêù
























üí≥VR de R$ 32,50 ao dia, creditado no cart√£o Flash (Benef√≠cio Flex√≠vel) para utiliza√ß√£o no formato VA ou VR;

üöó Vale Transporte sem desconto em folha de pagamento;

üéÇDay off de anivers√°rio;

üí™ Total Pass: Mais de 5 mil academias dispon√≠veis;

ü©∫Clude Sa√∫de - Plataforma de telemedicina;

üçéBeecoffee - Frutas no escrit√≥rio para tornar as suas manh√£s especiais e saud√°veis;

üéâBeehour - Nosso happy hour com o time completo;

üõéÔ∏èBeetravel - Benef√≠cio exclusivo que oferece descontos especiais em hot√©is e pousadas aos nossos colaboradores;

üë∂ Aux√≠lio Creche para m√£es e pais;

üíö Seguro de vida;

üìö Parceria educacional com: FIAP, Impacta e Abra√ßo Cultural;

üå¥ Conv√™nio Sesc.",N√£o aplic√°vel
Gabriel,"A Gabriel √© uma startup de tecnologia, comprometida em resolver um dos maiores problemas do Brasil: a seguran√ßa das pessoas. Instalamos c√¢meras inteligentes e interconectadas, voltadas para a rua, a partir de condom√≠nios, casas e com√©rcios.

Com atua√ß√£o em S√£o Paulo e no Rio de Janeiro, a Gabriel tem a miss√£o de construir a maior rede de c√¢meras do pa√≠s e servira todos os nossos clientes.

O desafio √© gigante. Por aqui, colocamos a m√£o na massa! Voc√™ ter√° oportunidades de aprendizado e enfrentar√° grandes desafios t√©cnicos e de escala, junto com times multidisciplinares e altamente capacitados.








Buscamos uma pessoa obstinada e que nos ajude a realizar an√°lises e reporte de ocorr√™ncias dentro de nossa organiza√ß√£o, visando aumentar a seguran√ßa e efici√™ncia operacional com o prop√≥sito de devolvermos seguran√ßa em qualquer lugar nas cidades pelo qual atuamos. Esta posi√ß√£o requer um indiv√≠duo que possua bastante intelig√™ncia emocional e resili√™ncia pois ir√° lidar. Se voc√™ √© um profissional pr√≥-ativo, disposto a resolver problemas e flex√≠vel a mudan√ßas, vem pra Gabriel!

Responsabilidades:

Como analista de ocorr√™ncias suas responsabilidades ser√£o:

























R$ 41,91 por dia trabalhado (benef√≠cio no cart√£o Caju);

üöå valor gasto para chegar ao trabalho usando transporte p√∫blico sem desconto no sal√°rio (pago no cart√£o Caju);

üè• Plano de Sa√∫de Alice, um plano completo para cuidar de voc√™ 24h por dia, 7 dias por semana. Atendimento via app com m√©dicos e enfermeiros, cobertura nacional e acesso a hospitais renomados como BP Paulista (SP), Oswaldo Cruz Vergueiro (SP), Casa de Sa√∫de S√£o Jos√© (RJ) e muitos outros;

ü¶∑ SulAm√©rica, sem coparticipa√ß√£o para voc√™ colaborador;

üèãÔ∏è‚Äç‚ôÄÔ∏è TotalPass Plano TP+1 custeado integralmente pela empresa para o colaborador;

üß† Reembolso de at√© R$ 100,00 por sess√£o de psicoterapia, para voc√™ cuidar da sua sa√∫de mental;

üéì reembolso de 50% do valor gasto em educa√ß√£o com o teto em at√© R$ 4.000/ano para investir no seu desenvolvimento;

üë∂ Para crian√ßas de at√© 2 anos no valor de R$676,81, e para crian√ßas de 2 anos at√© 5 anos no valor de R$592,21.",N√£o aplic√°vel
Passa l√° no RH,"VAGA EFETIVA CLT

EMPRESA LOCALIZADA EM REGISTRO/SP

SAL√ÅRIO: A PARTIR DE R$ 2.000,00 + VALE ALIMENTA√á√ÉO

HOR√ÅRIO: 44 HORAS SEMANAIS DE SEGUNDA-FEIRA A SEXTA-FEIRA

REGIME: PRESENCIAL.



COLETAR, ORGANIZAR E TRATAR DADOS DE ATENDIMENTOS, CLIENTES, LEADS E OUTROS PROCESSOS OPERACIONAIS.

DESENVOLVER DASHBOARDS E RELAT√ìRIOS INTERATIVOS UTILIZANDO FERRAMENTAS DE BI (POWER BI, TABLEAU, ENTRE OUTRAS).

ELABORAR INDICADORES CHAVE DE DESEMPENHO (KPIS) PARA MONITORAR A EFICI√äNCIA E OS RESULTADOS DAS √ÅREAS DE NEG√ìCIO.

REALIZAR AN√ÅLISES PREDITIVAS E ESTAT√çSTICAS PARA IDENTIFICAR OPORTUNIDADES DE NEG√ìCIO E MELHORIAS OPERACIONAIS.

GARANTIR A QUALIDADE, SEGURAN√áA E CONSIST√äNCIA DOS DADOS ARMAZENADOS E PROCESSADOS.

SUPORTE √Ä EQUIPE NA INTERPRETA√á√ÉO DOS DADOS E ORIENTA√á√ÉO PARA A TOMADA DE DECIS√ïES BASEADAS EM FATOS.

GERIR FERRAMENTAS E BASES DE DADOS, IMPLEMENTANDO MELHORIAS CONSTANTES NOS PROCESSOS DE COLETA E AN√ÅLISE.

APRESENTAR AN√ÅLISES E INSIGHTS PARA A DIRETORIA, ALINHANDO OS RESULTADOS COM OS OBJETIVOS ESTRAT√âGICOS DA EMPRESA.

AUTOMATIZAR PROCESSOS DE COLETA E AN√ÅLISE DE DADOS PARA OTIMIZAR O TEMPO E RECURSOS.

PARTICIPAR DO PLANEJAMENTO ESTRAT√âGICO DA EMPRESA, CONTRIBUINDO COM ESTUDOS E CEN√ÅRIOS BASEADOS EM DADOS.



RESIDIR OU POSSUIR DISPONIBILIDADE PARA MORAR NO VALE DO RIBEIRA.

EXPERI√äNCIA EM AN√ÅLISE DE DADOS, DESENVOLVIMENTO DE DASHBOARDS E GERA√á√ÉO DE INDICADORES.

CONHECIMENTO EM LINGUAGENS DE PROGRAMA√á√ÉO PARA AN√ÅLISE DE DADOS (SQL, PYTHON, R) SER√Å UM DIFERENCIAL.



AN√ÅLISE CR√çTICA E RESOLU√á√ÉO DE PROBLEMAS.

COMUNICA√á√ÉO CLARA E EFETIVA.

TRABALHO EM EQUIPE E COLABORA√á√ÉO MULTIDISCIPLINAR.

ORGANIZA√á√ÉO E FOCO EM RESULTADOS.

CURIOSIDADE E PROATIVIDADE PARA INOVA√á√ÉO.",Pleno-s√™nior
WMcCann,"VENHA FAZER PARTE DO TIME WMCCANN!
A WMcCann faz parte do McCann Worldgroup, da Holding Interpublic. E, o que isso significa? Que temos a for√ßa de um grupo global que foi eleito a rede mais criativa e eficiente do mundo!
Aqui, n√≥s combinamos talento com dados, tecnologia e criatividade para cumprir a miss√£o de ajudar as marcas dos nossos clientes a ganharem um papel significativo na vida das pessoas, levando assim a um aumento nos resultados de neg√≥cio.",Pleno-s√™nior
Shopee,"About The Team

Sobre a Sh√¥

Aqui na Sh√¥, acreditamos que cada membro de nossa equipe √© fundamental para o nosso sucesso, e que diversidade de perspectivas e viv√™ncias s√£o essenciais para movimentar nosso neg√≥cio e impulsionar o nosso prop√≥sito de mudar o mundo para melhor.

Fazer parte do nosso time √© a oportunidade de se desenvolver dentro de uma cultura de muita agilidade. Se voc√™ ama assumir grandes responsabilidades e fazer o que nunca foi feito, a Sh√¥ √© seu lugar. Aqui voc√™ ter√° grandes desafios, trabalhar√° em colabora√ß√£o com um time diverso e contribuir√° para o futuro do e-commerce no Brasil, criamos impacto positivo na vida de milh√µes de pessoas.



Adotamos um modelo de trabalho h√≠brido, esse modelo permite que as pessoas ajustem seu ambiente de trabalho de acordo com suas necessidades pessoais, ao mesmo tempo em que promove a colabora√ß√£o e intera√ß√£o no escrit√≥rio.



A equipe de Data & Analytics transforma dados em insights relevantes que geram valor comercial, aproveitando tecnologias e metodologias avan√ßadas para coletar, processar e analisar dados volumosos e complexos, colaborando estreitamente com stakeholders internos de Marketplace para entender seus requisitos e fornecer insights pr√°ticos para moldar a estrat√©gia de neg√≥cios.

Nosso escopo de trabalho n√£o se limita ao desenvolvimento de solu√ß√µes e produtos de dados, como pain√©is, relat√≥rios e conjuntos de dados voltados para o monitoramento e a comunica√ß√£o de resultados. Temos uma fun√ß√£o de facilitar os processos de solu√ß√£o de problemas, buscando ativamente a efici√™ncia dos processos e solu√ß√µes para ajudar a desempenhar um papel nas mudan√ßas cr√≠ticas e de alto impacto nos neg√≥cios.

Como parte da squad de Business Development (BD), voc√™ estar√° totalmente imerso em dados com foco em KPIs relacionados a desempenho da categoria, m√©tricas de vendedores e outros dom√≠nios importantes do Marketplace, al√©m de sugest√µes para melhorar os KPIs.

Junte-se a n√≥s e deixe os dados flu√≠rem atrav√©s de voc√™!",Pleno-s√™nior
StoneX Brasil,"Conectando clientes aos mercados ‚Äì e talentos √†s oportunidades

Com 4.300 funcion√°rios e mais de 400.000 clientes de varejo e institucionais em mais de 80 escrit√≥rios espalhados pelos cinco continentes, somos um fornecedor listado na Fortune 100 e listado na Nasdaq, conectando clientes aos mercados globais ‚Äì com foco em inova√ß√£o, conex√£o humana e fornecendo solu√ß√µes mundiais produtos e servi√ßos de primeira classe para todos os tipos de investidores.

Se seu objetivo de carreira √© construir uma carreira ligando os nossos clientes de varejo a potenciais oportunidades de negocia√ß√£o, ou se aprofundar no mundo do investimento institucional. A oferece oportunidade de progress√£o e crescimento.

Buscamos um/a que ser√° respons√°vel por desenvolver e aprimorar processos e procedimentos internos, garantir a conformidade com os requisitos de auditoria e melhorar a efici√™ncia operacional. Essa fun√ß√£o √© essencial para manter a integridade das opera√ß√µes da empresa no setor de commodities f√≠sicas.



Descri√ß√£o do cargo:

Estamos procurando uma pessoa que ofere√ßa suporte √† execu√ß√£o de An√°lise de Dados e Controles Comerciais com habilidades proficientes em consultas de banco de dados, Power BI e Excel. O candidato selecionado ser√° respons√°vel por desenvolver e manter pain√©is conectados aos nossos sistemas de banco de dados e planilhas. Esses pain√©is fornecer√£o atualiza√ß√µes em tempo real sobre KPIs, mitiga√ß√£o de riscos, acompanhamento de opera√ß√µes e desempenho geral. Al√©m disso, o candidato gerenciar√° valida√ß√µes em log√≠stica, execu√ß√£o, faturamento e processos financeiros relacionados aos v√°rios est√°gios do processo de negocia√ß√£o, bem como impulsionar√° melhorias em processos e procedimentos, incluindo melhoria cont√≠nua e automa√ß√£o.

Principais responsabilidades:




Requisitos:




Qualifica√ß√µes preferenciais:




O que oferecemos:",Pleno-s√™nior
Embraer,"Job Description

Como √© a √°rea:



Responsibilities and assignments















Additional information

Modelo de trabalho h√≠brido para S√£o Jos√© dos Campos / SP.





Precisa de suporte com a plataforma Gupy? Acesse o link abaixo:

P√°gina Central de Suporte ao Candidato

Site dedicado a guiar e orientar a pessoa candidata sobre todas as ferramentas: https://suporte-candidatos.gupy.io/s/suporte/

Process stages



QUEREMOS QUE VOC√ä VOE CADA VEZ MAIS ALTO

Somos uma das maiores empresas aeroespaciais do mundo gra√ßas √† dedica√ß√£o de pessoas que possuem uma paix√£o genu√≠na por superar o imposs√≠vel. Foi assim desde o in√≠cio e seguimos norteados pelo desejo de encontrar pessoas que vivem pelo desafio.

Nascemos do sonho de transformar o Brasil em um pa√≠s com a mais alta tecnologia. Quando tudo parecia imposs√≠vel, sonhamos alto e nossos profissionais fizeram a companhia alcan√ßar novas altitudes. N√£o h√° outra maneira de descrever o que nos impulsiona: Desafiar, Criar e Superar.

O nosso sonho continua e acreditamos que todo mundo tem potencial para fazer a diferen√ßa. Por isso, cada vez mais, buscamos construir times diversos, que sejam representativos e valorizem a hist√≥ria e as singularidades de todas as pessoas, para que elas possam viver os seus sonhos junto com a gente.

Aqui, todos t√™m oportunidade para crescer, se desenvolver e voar alto. Estamos atentos √†s etapas da vida profissional e aos diferentes momentos de carreira de todas as pessoas, oferecendo programas educacionais e projetos especiais. Al√©m disso, temos frequente oportunidade de integra√ß√£o cultural em √¢mbito global e desenvolvimento pessoal para a evolu√ß√£o de carreira.

Conhe√ßa nossos programas e as vagas abertas no Brasil e no mundo. Todas as posi√ß√µes est√£o dispon√≠veis para pessoas que desejam desafiar o imposs√≠vel, independentemente de orienta√ß√£o afetivo-sexual, identidade de g√™nero, ra√ßa, etnia e idade, sejam elas pessoas com ou sem defici√™ncia. Aqui o foco est√° na parceria para trabalharmos em busca dos resultados como um s√≥ time, no desenvolvimento das pessoas com conversas abertas e honestas e na possibilidade de aprender a resolver problemas complexos de forma simples, sempre com paix√£o em fazer a diferen√ßa.

Venha fazer parte da Embraer!",Pleno-s√™nior
PagBank,"Descri√ß√£o da Vaga

Nascemos para democratizar os servi√ßos banc√°rios e de pagamentos!

Pioneirismo, tecnologia, inova√ß√£o e resultados sustent√°veis s√£o constantes da nossa trajet√≥ria. Lan√ßamos a primeira maquininha de cart√£o sem aluguel do Brasil e ao longo dos anos seguimos evoluindo para ampliar nosso ecossistema de solu√ß√µes financeiras.

Somos um dos maiores bancos digitais do pa√≠s e uma das fintechs mais rent√°veis do segmento, resultado do trabalho de um time formado por pessoas talentosas e criativas, que atuam com dedica√ß√£o, paix√£o e vontade de fazer acontecer.

Se voc√™ ama tecnologia, curte um bom desafio e acredita no poder da colabora√ß√£o para fazer grandes entregas, o Pags √© pra voc√™! Ent√£o, confira essa oportunidade e vem pintar o Brasil de amarelo com a genteüíõ!

No PagBank todas as pessoas s√£o bem-vindas üòä, sem distin√ß√£o de g√™nero, orienta√ß√£o sexual, etnia, cultura, religi√£o, defici√™ncia etc. O importante √© voc√™ gostar de desafios, trabalhar bem em equipe, vivenciar nossa cultura e nosso prop√≥sito de facilitar a vida financeira das pessoas e neg√≥cios.

#VemProPags

Responsibilities and assignments

















Ol√°, somos o PagBank!

Talvez voc√™ nos conhe√ßa por maquininhas ou comerciais que ficam na mem√≥ria, mas somos muito mais!

Todos os dias desenvolvemos produtos e solu√ß√µes inspiradas pelo nosso prop√≥sito: facilitar a vida financeira das pessoas e neg√≥cios.

Trabalhamos para transformar a forma como as pessoas lidam com dinheiro abrindo novas possibilidades para alcan√ßarem seus sonhos.

üíõ

Somos um time que joga junto! Aqui valorizamos todas as diversidades, seja de ra√ßa/etnia, g√™nero, idade, origem, pessoa com defici√™ncia, orienta√ß√£o afetivo-sexual, constitui√ß√£o familiar e est√©tica.

üíõ

O esp√≠rito disruptivo e inovador est√° no nosso DNA: somos parte do Grupo UOL, empresa 100% brasileira, foi pioneira na internet e transforma a vida das pessoas desde 1996.

üíõ

Temos uma cultura forte e √∫nica, capaz de nos levar al√©m, para continuarmos crescendo e perpetuando o nosso neg√≥cio.













Vem pro nosso time imbat√≠vel!",Assistente
Serasa Experian,"Company Description

A Serasa Experian √© a primeira e a maior Datatech do Brasil. L√≠der em solu√ß√µes de intelig√™ncia para an√°lise de riscos e oportunidades, com foco nas jornadas de cr√©dito, autentica√ß√£o e preven√ß√£o √† fraude. Com tecnologia de ponta, inova√ß√£o e os melhores talentos, transforma a incerteza do risco na melhor decis√£o, ajudando pessoas a realizarem seus sonhos e empresas de todos os portes e segmentos a prosperarem.

Temos 22.000 pessoas operando em 32 pa√≠ses e a cada dia estamos investindo em novas tecnologias, profissionais talentosos e inova√ß√£o para ajudar todos os clientes a maximizarem cada oportunidade. Com sede corporativa em Dublin, Irlanda, a Experian est√° listada na Bolsa de Valores de Londres (EXPN) e comp√µe o √≠ndice FTSE 100.



A pessoa ser√° respons√°vel por extrair e cruzar dados, levantando indicadores das √°reas relacionadas e estruturando o acompanhamento. Al√©m disso, dever√° criar relat√≥rios, an√°lises e dashboards, interpretando os resultados e disponibilizando n√£o apenas os n√∫meros, mas tamb√©m diagn√≥sticos bem estruturados para a compreens√£o de problemas e respostas √†s perguntas das √°reas de neg√≥cios.







A Serasa Experian √© muito mais do que voc√™ imagina. Com o prop√≥sito de criar um futuro melhor, ampliando oportunidades para pessoas e empresas, no Brasil somos mais de 4 mil pessoas que atuam em diversos times e especialidades. Aqui, cada conhecimento e diversidade se complementa e voc√™ pode trabalhar no que mais ama, estamos comprometidos a construir uma cultura inclusiva e um ambiente no qual pessoas possam equilibrar a carreira com seus compromissos e interesses pessoais, prezando pelo bem-estar.

A gente se dedica muito em ser uma das melhores e mais inovadoras empresas para se trabalhar do pa√≠s, possibilitando experi√™ncias e carreiras incr√≠veis para nossas pessoas. Nossa forte abordagem de pessoas em primeiro lugar √© reconhecida externamente por meio de diversas certifica√ß√µes de mercado: fomos premiados pelo Great Place To Work‚Ñ¢ em 24 pa√≠ses e pela certifica√ß√£o internacional Top Employers, al√©m de sermos reconhecidos como uma das melhores empresas para jovens profissionais e contarmos com uma avalia√ß√£o de 4,6 no Glassdoor. Cada reconhecimento nos indica que estamos no caminho certo, proporcionando um ambiente de trabalho cada vez melhor para nossos talentos.

Experian Careers - Creating a better tomorrow together

Find out what its like to work for Experian by clicking here",N√£o aplic√°vel
Claro Brasil,"Responsabilidades e atribui√ß√µes

O que te espera no dia a dia:























Na Com este pensamento, investimos sempre no cuidado com a sa√∫de, bem-estar e qualidade de vida dos nossos colaboradores! Para que voc√™ tenha a melhor experi√™ncia em sua jornada com a gente, oferecemos um atraente pacote de benef√≠cios. Veja s√≥:",N√£o aplic√°vel
TOTVS,"DESCRI√á√ÉO DA VAGA:
Estamos em busca de um Analista de Business Intelligence (BI) para integrar nossa equipe. Este profissional ser√° respons√°vel por desenvolver e implementar solu√ß√µes de BI que agreguem valor aos nossos clientes, proporcionando insights estrat√©gicos. Voc√™ estar√° envolvido em projetos desafiadores, trabalhando em colabora√ß√£o com clientes e a equipe de suporte.",Pleno-s√™nior
Manchester Investimentos,"\\ SOBRE N√ìS

A Manchester Investimentos existe com o prop√≥sito de Realizar Sonhos e Construir Legados!

N√£o come√ßamos ontem. Nascemos h√° 57 anos em Joinville, Santa Catarina. Tempo suficiente para ter passado por muita coisa, aprendido outras tantas e estar pronta para guiar nossos clientes ao sucesso. Com uma parceria consolidada, estamos credenciados h√° 17 anos √† XP Investimentos.

Nossa reputa√ß√£o vem sendo constru√≠da ao longo destes anos atrav√©s de um servi√ßo diferenciado de gest√£o do patrim√¥nio. Um dos nossos principais objetivos √© guiar nossos clientes em dire√ß√£o √†s suas metas, oferecendo as melhores solu√ß√µes com um portf√≥lio de produtos diversos e um atendimento diferenciado e personalizado. Atualmente, com mais de 18 bilh√µes sob cust√≥dia, contamos com mais de 17 mil clientes que confiam na gente, cientes que focamos em rela√ß√µes transparentes e duradouras.

Com essa orienta√ß√£o, queremos chegar a 100 bilh√µes de ativos sob cust√≥dia, um sonho que se torna realidade dia ap√≥s dia, com a colabora√ß√£o de um time engajado e altamente capacitado.

Nossa cultura √© pautada em quatro princ√≠pios que nos guiam nessa jornada:



SE VOC√ä SE IDENTIFICA COM NOSSOS PRINC√çPIOS E QUER TRABALHAR EM UMA EMPRESA QUE EXISTE COM O PROP√ìSITO DE REALIZAR SONHOS E CONSTRUIR LEGADOS, VENHA TRILHAR SUA CARREIRA NA MANCHESTER!





















Cada etapa possui car√°ter eliminat√≥rio.



Av. Sete de Setembro, 4682 ‚Äì Batel, 14¬∫ Andar, CEP: 80.240-000",Pleno-s√™nior
Engeman,"Role

O estagi√°rio ser√° respons√°vel por fornecer suporte √†s opera√ß√µes das filiais, com foco na an√°lise de dados e controles operacionais. As atividades incluem:

An√°lise e controle de dados operacionais: Confer√™ncia e an√°lise de custos dos contratos, assegurando o correto enquadramento.

Elabora√ß√£o de planilhas e controles: Constru√ß√£o e manuten√ß√£o de planilhas avan√ßadas para controle de dados operacionais.

Automatiza√ß√£o de processos: Utiliza√ß√£o de Python para confer√™ncia e an√°lise de boletins de medi√ß√£o de fornecedores, automatizando processos quando necess√°rio.

Desenvolvimento de Dashboards: Cria√ß√£o de dashboards interativos e anal√≠ticos utilizando Power BI para visualiza√ß√£o e acompanhamento de indicadores.

Controle de multas e indicadores: Acompanhamento e controle de multas veiculares e outros dados relevantes, identificando oportunidades de melhoria.

Cidade: Recife - Pernambuco",Est√°gio
Foursys,"A Foursys √© um time apaixonado por inova√ß√£o, design e transforma√ß√£o digital.
Somos globais, somos GPTW.
üåà‚Äçüëµ ‚ôøÔ∏èüë©üèæ Na Foursys, celebramos a diversidade e acreditamos que s√£o as diferentes ideias e perspectivas que nos enriquecem. Portanto, sua cor, religi√£o, g√™nero, ra√ßa, nacionalidade, idade, origem, identidade de g√™nero, defici√™ncia ou orienta√ß√£o sexual n√£o s√£o barreiras para se juntar √† nossa equipe. #VemSerFoursys!",Pleno-s√™nior
99,"About The Company

If you see technology as a way to smooth your path in life, our team does too: Your Path, Our Journey.

We believe in technology that connects talented people who embrace diversity to create and share paths we don't even know about (yet!). We work to generate value not only for our users but, above all, for the communities we serve and for society as a whole, making every day better for everyone with mobility and delivery services (99) or digital payments (99Pay).

To make life easier for millions of people every day, since 2018, we have been part of DiDi DiDi Global Inc., the world‚Äôs leading mobility technology platform. We are pioneers in creating innovative solutions that start in Brazil and scale up to make a positive impact in more than 12 countries where DiDi operates. This innovation encompasses sustainability, safety, artificial intelligence, financial markets, and much more.

Whether building projects from scratch or improving our solutions, we enjoy challenges that give us butterflies, which is why we work at a fast pace with respect, collaboration, and good humor. Along this journey, we also draw strength from diverse experiences and opinions to grow together, fail quickly, learn, and adjust the course to create solutions that deliver even better results.



We are looking for a motivated, high-spirited person, with structured thinking, good communication, good interpersonal relationships and, of course, a person that is super analytical.

To be successful in the position, you must have knowledge about data environments, SQL, Python, storytelling, be able to understand and deconstruct problems, bringing solutions and help guiding decision making.

This position is part of the Quality, Safety & Security Team, dedicated to enhancing marketplace efficiency through a strong focus on quality perception and safety culture. Within this team, the role is situated in the Business Analytics Area, where our mission is to drive effective decision-making, minimize uncertainty, and leverage knowledge as a competitive advantage.

You will have a very close contact with Product and Platform Governance teams in both Brazil and China - but you may also have contact with other local teams such as Operations, Anti-Fraud, Growth, Public Relations, Governmental Affairs, Legal, etc.



Within the Quality, Safety and Safety team, focusing on Business Analytics, you will be responsible for:






As a background and profile, we are looking for someone with:






We create user value

We strive to always create valuable experiences for our users in everything we do. Our focus is to always innovate new experiences that are safe, pleasant and efficient.

We are data-driven

We are strong believers in making informed decisions, that‚Äôs why we are data-driven. We can better navigate the business landscape strategically by analyzing valuable metrics.

Win-win Collaboration

Success is a team sport. When we work to help our partners and colleagues win, we win, too. While keeping everyone's best interest at heart, we communicate with candor and execute with excellence in all we do.

We believe in integrity

Integrity is at the very core of our business. We are people who always want to do the right thing. Our intentions are sincere, we speak our minds and listen to each other.

Growth

We always strive to do better. That means venturing beyond our comfort zones, learning from our mistakes, and helping each other grow.

Diversity and Inclusion

Diversity is one of our biggest strengths. Our differences are what make us distinct. We respect each other and believe in equal opportunities for all.



Diversity is not a vision of the future or something we wish to have one day, it is a non-negotiable value of who we are.

We practice inclusion, plurality, and respect. And we count on the governance of the Diversity Committee, which works together with HR, leadership and identity groups - 99Adapta, 99Afro, 99Cores, 99Mulheres, and 99Mam√£es. This part of our journey has been written, there remains a long road before us.

We reinforce that this position is open to everyone, including pregnant people and people with disabilities (PwD).",Assistente
